ProductId,Product,AggregatorId,ServiceId,OperatorId,DomainId,IsActive,IsTerminate,CreatedOn,UpdateOn,UpdateBy
1,Loop,2,2,10,3,0,1,2011-07-27 18:15:20.647,2020-05-18 00:03:15.723,140
2,Loop Bill Payment Cheque,20,1,10,1,0,1,2013-04-25 13:03:50.553,2020-05-18 00:03:15.723,140
3,GST,41,5,67,9,1,0,2017-09-23 11:04:52.170,2020-05-18 00:03:15.723,140
4,Loan,41,5,67,9,1,0,2018-08-20 12:22:33.703,2020-05-18 00:03:15.723,140
22,MSEDCL - MAHARASHTRA,43,1,44,2,1,0,2016-06-15 10:49:32.087,2022-05-13 13:31:45.333,205
23,Rcom CDMA,7,2,13,3,0,1,2011-07-27 17:52:06.037,2020-05-18 00:03:15.723,140
25,BSNL Landline - individual,43,1,5,12,1,0,2016-05-30 15:42:11.140,2020-05-18 00:03:15.723,140
26,Tata Indicom,47,2,15,3,0,1,2011-07-27 18:06:55.043,2020-05-18 00:03:15.723,140
40,Tata Play,47,2,15,4,1,0,2011-10-20 16:42:15.110,2022-04-21 12:23:49.053,205
45,BEST Energy,43,1,21,2,1,0,2013-03-25 17:39:24.583,2022-04-05 12:10:58.430,140
49,Reliance JIO,6,2,13,3,1,0,2017-03-03 12:04:50.987,2022-05-19 15:57:12.960,352
50,VI,47,2,19,3,1,0,2011-07-27 17:48:05.953,2022-05-21 11:38:51.847,352
51,Airtel,6,2,3,3,1,0,2011-08-09 15:04:38.647,2022-05-04 10:18:58.587,352
52,Virgin CDMA,47,2,18,3,0,0,2012-09-27 15:44:55.713,2020-05-18 00:03:15.723,140
53,BSNL - TOP UP,47,2,5,3,1,0,2011-07-27 18:31:55.277,2022-04-21 12:23:57.743,205
54,BSNL - Recharge,47,2,5,3,1,0,2012-07-30 16:30:06.780,2022-04-21 12:24:15.110,205
56,Airtel DataCard,7,2,3,3,0,0,2015-05-12 10:49:35.233,2021-02-27 18:42:33.423,181
57,Idea DataCard,7,2,8,3,0,0,2015-05-12 10:49:35.227,2021-02-27 18:48:30.163,181
58,Aircel DataCard,7,2,2,14,0,1,2015-05-12 10:49:35.207,2020-05-18 00:03:15.723,140
59,MTS DataCard,7,2,12,4,0,0,2015-05-12 10:49:35.203,2020-06-17 16:38:22.327,140
60,Reliance DataCard,7,2,13,3,0,0,2015-05-12 10:49:35.200,2021-02-27 18:49:17.080,181
61,Indicom DataCard,2,2,15,14,0,1,2015-05-12 10:49:35.197,2020-05-18 00:03:15.723,140
62,Tata Docomo CDMA DataCard,7,2,15,3,0,0,2015-05-12 10:49:35.190,2021-02-27 18:50:01.917,181
63,BSNL DataCard,7,2,5,3,0,0,2015-05-12 10:49:35.187,2021-02-27 18:48:12.563,181
64,Vodafone DataCard,2,2,19,14,0,1,2015-05-12 10:49:35.183,2020-05-18 00:03:15.723,140
65,TataSkyDTH Subscription,7,3,15,10,0,1,2016-04-07 12:21:02.493,2020-10-31 19:35:43.400,140
66,AirtelDTH Subscription,7,3,3,10,0,0,2016-04-07 12:17:42.040,2020-05-18 00:03:15.723,140
67,SUNDTH Subscription,7,3,14,10,0,1,2016-04-07 12:20:08.507,2020-10-31 19:32:49.793,140
68,BIGTVDTH Subscription,7,3,13,10,0,0,2016-04-07 12:19:15.407,2020-05-18 00:03:15.723,140
69,DishTvDTH Subscription,7,3,20,10,0,1,2016-04-07 12:21:53.303,2020-10-29 17:04:30.170,140
70,VideoconDTH Subscription,7,3,17,10,0,1,2016-04-07 12:23:03.283,2020-10-31 19:36:10.460,140
71,MTNL - DataCard,7,2,11,3,0,0,2016-10-14 18:21:10.913,2021-02-27 18:48:56.800,181
72,T24 - DataCard,7,2,15,35,0,0,2016-10-14 18:22:00.413,2021-02-27 18:49:44.207,181
73,Telenor - DataCard,7,2,16,14,0,1,2016-10-14 18:22:38.170,2020-05-18 00:03:15.723,140
74,SUN DTH,47,2,14,4,1,0,2011-07-27 18:39:54.820,2022-04-21 12:23:33.910,205
75,Videocon - DataCard,7,2,17,1,0,0,2016-10-14 18:23:07.797,2021-02-27 18:50:52.843,181
76,Tata Docomo GSM DataCard,7,2,15,3,0,0,2016-10-21 11:09:59.183,2021-02-27 18:50:16.833,181
81,IRCTC,34,3,59,17,1,0,2013-12-05 17:31:54.117,2020-05-18 00:03:15.723,140
84,Rcom GSM,7,2,13,3,0,1,2011-07-28 12:35:14.747,2020-05-18 00:03:15.723,140
85,Aircel,7,2,2,3,0,1,2011-07-27 18:28:54.800,2020-05-18 00:03:15.723,140
86,Bus Booking,30,3,58,16,1,0,2013-12-26 13:13:12.333,2020-05-18 00:03:15.723,140
87,FLIGHT,22,3,57,6,1,0,2013-12-05 17:30:42.307,2020-05-18 00:03:15.723,140
88,Online Hotel Booking,12,3,54,15,1,0,2016-04-21 11:20:06.913,2020-10-06 15:35:09.723,140
89,MTNL Mumbai LandLine,43,1,11,12,1,0,2013-04-25 12:50:44.853,2020-05-18 00:03:15.723,140
90,Tata Indicom Bill Payment,43,1,15,1,0,0,2012-10-29 14:58:46.060,2021-12-22 18:05:31.480,205
91,International Hotel Booking,39,3,63,15,0,1,2017-02-06 15:49:55.663,2020-05-18 00:03:15.723,140
92,Tata Indicom Maharashtra,26,1,15,1,1,0,2013-04-09 20:19:39.783,2020-05-18 00:03:15.723,140
93,BSNL Mobile Bill Payment ,43,1,5,1,1,0,2015-02-21 15:33:51.583,2020-05-18 00:03:15.723,140
94,BSNL CellOne Eastzone,43,1,5,1,1,0,2015-02-21 15:33:51.583,2020-05-18 00:03:15.723,140
95,BSNL CellOne Southzone,43,1,5,1,1,0,2015-02-21 15:33:51.583,2020-05-18 00:03:15.723,140
96,BSNL CellOne Northzone,43,1,5,1,1,0,2015-02-21 15:33:51.583,2020-05-18 00:03:15.723,140
97,FlipkartGiftVouchers,18,4,24,8,0,1,2015-05-12 10:58:54.857,2020-05-18 00:03:15.723,140
98,Bajaj Insurance,4,6,53,13,1,0,2015-07-08 13:10:02.227,2020-05-18 00:03:15.723,140
99,Hotel Booking,35,3,55,15,1,0,2015-11-03 17:24:43.050,2020-05-18 00:03:15.723,140
100,HDFC ergo,41,6,67,13,1,0,2018-07-02 10:18:55.600,2020-05-18 00:03:15.723,140
101,Ecommerce Online Shopping,11,4,60,18,0,0,2016-07-18 14:19:47.357,2020-05-18 00:03:15.723,140
102,Bajaj Insurance Renew,4,6,53,13,1,1,2016-11-28 13:25:35.957,2020-05-18 00:03:15.723,140
103,PANCard Application,40,5,64,9,1,0,2017-02-14 17:42:48.000,2020-05-18 00:03:15.723,140
104,Iffcotokio,4,6,67,13,1,0,2019-03-12 14:24:42.330,2020-05-18 00:03:15.723,140
105,Term Life Insurance,4,6,67,13,1,0,2019-05-23 12:11:39.437,2020-05-18 00:03:15.723,140
106,Courier Service,41,3,67,23,1,0,2019-07-12 14:41:53.127,2020-05-18 00:03:15.723,140
107,Idea,47,2,8,3,0,0,2011-08-09 15:03:43.027,2021-02-25 13:16:14.127,181
108,Tata Docomo - Talktime,7,2,15,3,0,1,2011-07-27 18:09:56.427,2020-05-18 00:03:15.723,140
109,Aditya Birla Group Life Policy,4,6,67,13,0,0,2020-01-06 15:00:44.010,2021-10-12 16:48:19.820,282
110,ICICI Lombard,4,6,67,13,1,0,2020-04-15 12:42:41.633,2020-05-18 00:03:15.723,140
111,Corona Kavach Insurance,4,6,67,13,1,0,2020-04-25 10:04:52.557,2021-11-29 17:31:51.473,282
112,IHO Card,41,3,67,13,0,0,2020-05-08 11:52:45.690,2020-05-18 00:03:15.723,140
113,SBI General,66,6,67,13,1,0,2020-05-26 11:08:09.747,2021-10-05 18:23:35.147,140
114,GPA Liberty,41,6,67,13,0,0,2020-07-14 00:31:17.850,2022-05-10 14:09:38.350,140
116,Adani Electricity Mumbai Ltd,15,1,22,2,0,0,2012-10-29 14:57:03.483,2021-11-01 11:31:39.147,205
120,MTNl Dolphin,5,1,11,1,0,0,2013-04-25 12:57:06.767,2020-05-18 00:03:15.723,140
128,Dish TV,47,2,20,4,1,0,2011-07-27 18:34:25.050,2022-04-05 10:56:55.137,205
129,Telenor,7,2,16,3,0,1,2011-08-26 17:22:25.267,2020-05-18 00:03:15.723,140
130,Birth Certificate,24,1,56,8,1,0,2013-04-13 13:05:48.270,2020-05-18 00:03:15.723,140
131,Big TV,7,2,13,4,0,1,2011-07-27 18:35:50.637,2020-05-18 00:03:15.723,140
132,Videocon DTH,47,2,17,4,1,0,2011-07-27 18:41:16.660,2022-05-21 10:45:42.260,205
133,MTS,47,2,12,3,0,0,2011-07-27 18:30:42.523,2020-05-18 00:03:15.723,140
134,Videocon,47,2,17,3,0,0,2011-08-26 17:04:59.217,2020-05-18 00:03:15.723,140
135,Tata Docomo - Special Tariff,7,2,15,3,0,1,2012-10-08 15:04:44.400,2020-05-18 00:03:15.723,140
136,Telenor Special,7,2,16,3,0,1,2012-10-08 15:20:01.687,2020-05-18 00:03:15.723,140
138,MTNL - TOP UP,6,2,11,3,1,0,2012-06-13 14:52:47.863,2021-03-05 10:22:11.870,181
139,MTNL - Recharge,6,2,11,3,1,0,2012-06-13 14:53:31.290,2021-03-05 10:21:59.563,181
140,Mahanagar Gas Ltd.,14,1,23,11,1,0,2012-10-29 14:56:10.853,2021-09-01 10:42:41.843,205
141,Death Certificate,24,1,56,8,1,0,2013-04-13 13:06:44.890,2020-05-18 00:03:15.723,140
142,Shop N Establishment,24,1,56,8,1,0,2013-04-13 12:58:22.423,2020-05-18 00:03:15.723,140
143,Health Licence,24,1,56,8,1,0,2013-04-13 13:01:11.763,2020-05-18 00:03:15.723,140
144,Trade Licence,24,1,56,8,1,0,2013-04-13 13:01:59.410,2020-05-18 00:03:15.723,140
145,iTAP,41,2,67,8,1,0,2020-09-10 07:21:59.827,2020-10-31 19:37:42.330,140
146,Property Tax,24,1,56,8,1,0,2013-04-13 13:02:54.790,2020-05-18 00:03:15.723,140
147,Water Tax,24,1,56,8,1,0,2013-04-13 13:04:45.120,2020-05-18 00:03:15.723,140
148,CSPDCL PG,38,1,6,2,0,1,2016-12-16 18:50:18.763,2020-05-18 00:03:15.723,140
149,CSPDCL,3,1,6,2,1,0,2012-04-12 14:12:49.737,2020-10-08 19:57:27.120,140
150,BSES Rajdhani - DELHI,58,1,27,2,1,0,2016-06-03 15:35:08.857,2022-03-17 11:36:30.017,205
151,BSES Yamuna - DELHI,58,1,27,2,1,0,2016-06-03 15:35:56.223,2022-03-17 11:36:38.280,205
152,Airtel DTH,47,2,3,4,1,0,2012-08-31 12:51:20.900,2022-05-21 10:45:30.373,205
153,Videocon Special,6,2,17,3,0,1,2012-10-08 15:23:15.323,2020-05-18 00:03:15.723,140
154,Tata Power - DELHI,58,1,28,2,1,0,2016-06-03 15:37:24.463,2022-03-31 13:10:34.137,205
155,Bengaluru Electricity Supply,43,1,29,2,1,0,2016-06-03 15:38:09.290,2022-05-10 12:14:58.730,205
156,M.P. Madhya Kshetra Vidyut Vitaran - URBAN,43,1,30,2,1,0,2016-06-03 15:39:04.100,2022-02-28 14:51:52.773,205
157,Ajmer Vidyut Vitran,43,1,31,2,1,0,2016-06-03 15:39:50.983,2020-05-18 00:03:15.723,140
158,Southern Power - ANDHRA PRADESH,43,1,32,2,0,0,2016-06-03 15:40:56.570,2021-08-17 14:35:32.567,40
159,DNH Power (DNHPDCL),43,1,33,2,0,0,2016-06-03 15:41:56.590,2021-12-14 16:36:51.017,205
160,India Power Corporation - Bihar,43,1,34,2,0,0,2016-06-03 15:42:42.870,2020-09-25 13:22:19.683,181
161,DHBVN - HARYANA,7,1,35,2,0,1,2016-06-03 15:43:33.340,2020-05-18 00:03:15.723,140
162,Jamshedpur Utilities & Services,43,1,36,2,0,0,2016-06-03 15:44:27.360,2021-12-22 18:27:38.780,205
163,M.P. Paschim Kshetra Vidyut Vitaran,43,1,69,2,1,0,2016-06-03 15:45:20.660,2020-05-18 00:03:15.723,140
164,APDCL - ASSAM,7,1,38,2,0,1,2016-06-03 15:46:03.120,2020-05-18 00:03:15.723,140
165,CESC - WEST BENGAL,58,1,39,2,1,0,2016-06-03 15:46:43.620,2022-05-10 12:24:31.890,205
166,TSECL - TRIPURA,43,1,45,2,0,0,2016-06-15 11:02:19.460,2021-12-14 12:45:10.313,205
167,Noida Power - NOIDA,43,1,40,2,1,0,2016-06-03 15:47:26.437,2020-05-18 00:03:15.723,140
168,Odisha Discoms - ODISHA,7,1,41,2,0,1,2016-06-03 15:48:08.500,2020-05-18 00:03:15.723,140
169,M.P. Madhya Kshetra Vidyut Vitaran - RURAL,43,1,30,2,1,0,2017-01-18 09:56:59.263,2022-02-28 14:52:02.233,205
170,Indraprastha Gas,43,1,43,11,1,0,2016-06-04 11:11:47.547,2020-05-18 00:03:15.723,140
171,Gujarat Gas,43,1,42,11,1,0,2016-06-04 11:12:33.130,2020-05-18 00:03:15.723,140
172,Jaipur Vidyut Vitran Nigam,43,1,31,2,1,0,2016-06-14 10:29:36.770,2020-05-18 00:03:15.723,140
173,Jodhpur Vidyut Vitran Nigam,43,1,31,2,1,0,2016-06-14 10:30:24.720,2020-05-18 00:03:15.723,140
174,ICICI Pru Life Insurance,43,1,69,19,1,0,2016-06-16 14:57:00.407,2021-12-03 18:15:47.757,205
175,Tata AIA Life Insurance,43,1,69,19,1,0,2016-06-16 15:12:33.650,2021-12-03 18:15:25.500,205
176,Bharti AXA Life Insurance,7,1,48,8,0,1,2016-06-16 15:13:42.090,2020-05-18 00:03:15.723,140
178,Southern Power - TELANGANA,43,1,32,2,0,0,2016-06-16 15:39:50.523,2020-05-30 12:58:50.570,140
179,Adani Gas,43,1,51,11,1,0,2016-06-16 18:04:18.683,2020-05-18 00:03:15.723,140
180,Tikona ISP,43,1,50,20,1,0,2016-06-16 18:08:01.050,2020-05-18 00:03:15.723,140
181,Torrent Power - Agra,43,1,61,2,1,0,2016-10-13 15:53:43.760,2020-05-18 00:03:15.723,140
182,Torrent Power - Ahmedabad,43,1,61,2,1,0,2016-10-13 15:54:34.740,2020-05-18 00:03:15.723,140
183,Torrent Power - Bhiwandi,43,1,61,2,1,0,2016-10-13 15:55:34.743,2020-05-18 00:03:15.723,140
184,Torrent Power - Surat,43,1,61,2,1,0,2016-10-13 15:56:14.030,2020-05-18 00:03:15.723,140
185,Madhya Gujarat Vij Company Limited (MGVCL),43,1,62,2,0,0,2017-01-18 09:55:39.853,2021-12-23 16:32:35.420,205
186,Torrent Gas Moradabad Limited formerly Siti  Energ,43,1,65,11,1,0,2017-02-15 17:13:18.063,2020-05-18 00:03:15.723,140
187,Uttarakhand Jal Sansthan,43,1,66,21,1,0,2017-02-15 17:15:02.430,2020-05-18 00:03:15.723,140
188,Meghalaya Power Dist Corp Ltd,43,1,70,2,1,0,2017-07-03 11:11:29.687,2020-05-18 00:03:15.723,140
189,Uttarakhand Power Corporation Limited,43,1,71,2,1,0,2017-07-03 11:11:56.870,2020-05-18 00:03:15.723,140
190,SNDL Nagpur,43,1,69,2,0,0,2017-07-03 11:13:23.430,2021-12-23 17:20:15.533,205
191,TP Northern Odisha Distribution Limited (TPNODL),43,1,69,2,1,0,2017-07-03 11:13:42.613,2022-03-16 15:23:41.460,205
192,TP Southern Odisha Distribution Limited (TPSODL),43,1,69,2,1,0,2017-07-03 11:14:40.327,2022-03-16 15:22:44.747,205
193,Muzaffarpur Vidyut Vitran Limited,43,1,69,2,1,0,2017-07-03 11:12:55.233,2020-05-18 00:03:15.723,140
194,Delhi Jal Board,43,1,69,21,0,0,2017-07-12 10:16:12.200,2021-12-14 12:43:02.210,205
195,Connect Broadband,43,1,69,20,1,0,2017-07-12 16:45:38.960,2020-05-18 00:03:15.723,140
196,Tata Power - Mumbai,43,1,15,2,1,0,2017-07-19 11:14:25.543,2022-05-13 13:32:01.680,205
197,Tripura Natural Gas,43,1,69,11,1,0,2017-08-03 13:15:21.180,2020-05-18 00:03:15.723,140
198,Kota Electricity Distribution Limited,43,1,69,2,1,0,2017-08-03 13:14:45.503,2020-05-18 00:03:15.723,140
199,Municipal Corporation of Gurugram,43,1,69,21,1,0,2017-08-11 15:27:40.603,2020-05-18 00:03:15.723,140
200,Urban Improvement Trust (UIT) - Bhiwadi,43,1,69,21,1,0,2017-08-11 15:28:30.157,2020-05-18 00:03:15.723,140
201,Eastern Power - ANDHRA PRADESH,43,1,69,2,0,0,2017-08-28 14:50:57.310,2021-09-30 12:40:59.853,205
202,Bharatpur Electricity Services Ltd. (BESL),43,1,69,2,1,0,2017-08-28 14:51:27.907,2020-05-18 00:03:15.723,140
203,India Power Corporation - West Bengal,43,1,69,2,0,0,2017-09-11 13:16:07.433,2020-05-30 13:01:39.360,140
204,Daman and Diu Electricity,43,1,69,2,0,0,2017-10-04 11:01:46.603,2022-04-01 18:09:28.147,205
205,Uttar Pradesh Power Corp Ltd (UPPCL) - URBAN,58,1,69,2,1,0,2017-10-04 11:01:14.910,2022-03-17 11:35:58.087,205
206,Bikaner Electricity Supply Limited (BkESL),43,1,69,2,1,0,2017-10-04 11:02:44.760,2020-05-18 00:03:15.723,140
207,Haryana Gas,43,1,69,11,1,0,2017-11-02 15:56:23.290,2020-05-18 00:03:15.723,140
208,Sabarmati Gas,43,1,69,11,1,0,2017-11-02 15:59:43.533,2020-05-18 00:03:15.723,140
209,North Bihar Power Distribution Company Ltd.,58,1,69,2,1,0,2017-11-13 15:33:53.687,2022-03-17 11:35:13.310,205
210,South Bihar Power Distribution Company Ltd.,58,1,69,2,1,0,2017-11-13 15:34:22.573,2022-03-17 11:35:34.580,205
211,Dakshin Gujarat Vij Company Limited (DGVCL),43,1,69,2,1,0,2017-11-18 09:54:33.450,2020-05-18 00:03:15.723,140
212,Paschim Gujarat Vij Company Limited (PGVCL),43,1,69,2,1,0,2017-11-18 09:55:11.833,2020-05-18 00:03:15.723,140
213,Uttar Gujarat Vij Company Limited (UGVCL),43,1,69,2,1,0,2017-11-18 09:55:43.890,2020-05-18 00:03:15.723,140
214,Ajmer Distribution Ltd. (TPADL),43,1,69,2,1,0,2017-12-19 09:38:52.270,2020-05-18 00:03:15.723,140
215,Adani Gas - Haryana,43,1,51,11,0,1,2018-01-02 09:43:14.900,2020-05-18 00:03:15.723,140
216,TP Western Odisha Distribution Limited (TPWODL),43,1,69,2,1,0,2018-01-10 10:30:19.703,2022-03-16 15:23:15.400,205
217,Gulbarga Electricity Supply Company Ltd,43,1,69,2,1,0,2018-01-10 10:31:53.447,2020-05-18 00:03:15.723,140
218,Tamil Nadu Electricity Board (TNEB),58,1,69,2,1,0,2018-02-19 14:13:34.370,2022-05-10 12:24:41.083,205
219,Assam Power Dist Company Ltd (RAPDR),43,1,69,2,0,0,2018-02-19 14:14:06.260,2021-12-14 12:45:27.610,205
220,Uttar Pradesh Power Corp Ltd (UPPCL) RURAL,58,1,69,2,1,0,2018-02-22 16:51:47.910,2022-05-06 09:23:22.483,140
221,Hathway Broadband,43,1,69,20,1,0,2018-02-22 16:50:32.620,2020-05-18 00:03:15.723,140
222,Vadodara Gas Limited,43,1,69,11,1,0,2018-03-27 19:01:27.517,2020-05-18 00:03:15.723,140
223,Unique Central Piped Gases Pvt Ltd (UCPGPL),43,1,69,11,1,0,2018-03-27 19:01:55.450,2020-05-18 00:03:15.723,140
224,Dakshin Haryana Bijli Vitran Nigam (DHBVN),43,1,69,2,1,0,2018-04-05 09:46:58.773,2020-05-18 00:03:15.723,140
225,Uttar Haryana Bijli Vitran Nigam (UHBVN),43,1,69,2,1,0,2018-04-05 09:47:26.250,2020-05-18 00:03:15.723,140
226,Punjab State Power Corporation Ltd (PSPCL),58,1,69,2,1,0,2018-04-05 09:48:11.453,2022-03-31 13:09:53.890,205
227,Jharkhand Bijli Vitran Nigam Limited (JBVNL),43,1,69,2,1,0,2018-04-10 18:10:49.920,2020-05-18 00:03:15.723,140
228,Assam Power Distribution Company Ltd (NON-RAPDR),58,1,69,2,1,0,2018-05-09 12:01:03.020,2022-05-10 12:24:19.907,205
229,Hubli Electricity Supply Company Ltd (HESCOM),43,1,69,2,1,0,2018-05-09 12:01:32.490,2020-05-18 00:03:15.723,140
230,Chamundeshwari Electricity Supply Corp Ltd (CESCOM,43,1,69,2,1,0,2018-05-09 12:01:58.617,2020-05-18 00:03:15.723,140
231,ACT Fibernet,43,1,69,20,1,0,2018-05-30 10:38:30.907,2020-05-18 00:03:15.723,140
232,Maharashtra Natural Gas Limited(MNGL),43,1,69,11,1,0,2018-05-30 10:39:18.063,2020-05-18 00:03:15.723,140
233,West Bengal Electricity Board(WBSEDCL),43,1,69,2,1,0,2018-05-30 10:39:52.423,2022-05-10 12:15:09.107,205
234,Himachal Pradesh State Electricity Board,43,1,69,2,1,0,2018-06-28 14:42:08.260,2020-05-18 00:03:15.723,140
235,Nextra Broadband,43,1,69,20,1,0,2018-07-26 15:27:57.803,2020-05-18 00:03:15.723,140
236,Hyderabad Metropolitan Water Supply and Sewerage,43,1,69,21,1,0,2018-07-26 15:28:25.330,2020-05-18 00:03:15.723,140
237,TTN BroadBand,43,1,69,20,1,0,2018-08-11 16:19:02.090,2020-05-18 00:03:15.723,140
238,Spectranet Broadband,43,1,69,20,1,0,2018-08-11 16:18:32.967,2020-05-18 00:03:15.723,140
239,Charotar Gas Sahakari Mandali Ltd,43,1,69,11,1,0,2018-08-11 16:17:57.950,2020-05-18 00:03:15.723,140
240,Airtel Broadband,43,1,69,20,0,0,2018-08-17 10:01:34.683,2020-05-30 12:53:33.960,140
241,M.P. Poorv Kshetra Vidyut Vitaran - URBAN,43,1,69,2,0,0,2018-08-28 11:11:23.880,2020-07-03 16:23:51.357,181
242,Bangalore Water Supply and Sewerage Board,43,1,69,21,1,0,2018-09-04 09:23:16.630,2020-05-18 00:03:15.723,140
243,New Delhi Municipal Council (NDMC) - Electricity,43,1,69,2,1,0,2018-09-08 13:56:05.837,2020-05-18 00:03:15.723,140
244,New Delhi Municipal Council (NDMC) - Water,43,1,69,21,1,0,2018-09-08 13:56:29.027,2020-05-18 00:03:15.723,140
245,Municipal Corporation Jalandhar,43,1,69,21,1,0,2018-09-08 13:57:06.480,2020-05-18 00:03:15.723,140
246,Aavantika Gas Ltd.,43,1,69,11,1,0,2018-09-17 14:01:50.197,2020-05-18 00:03:15.723,140
247,Bhopal Municipal Corporation,43,1,69,21,0,0,2018-09-17 14:02:49.853,2021-04-23 17:56:06.443,181
248,Gwalior Municipal Corporation,43,1,69,21,0,0,2018-09-17 14:03:15.620,2021-04-23 17:55:48.577,181
249,Indore Municipal Corporation,43,1,69,21,0,0,2018-09-17 14:03:46.950,2021-04-23 17:55:14.253,181
250,Jabalpur Municipal Corporation,43,1,69,21,0,0,2018-09-17 14:04:12.060,2021-04-23 17:55:32.610,181
251,Municipal Corporation Ludhiana,43,1,69,21,1,0,2018-09-17 14:02:19.323,2020-05-18 00:03:15.723,140
252,Central U.P. Gas Limited,43,1,69,11,1,0,2018-10-16 10:35:08.367,2020-05-18 00:03:15.723,140
253,Indian Oil-Adani Gas Private Limited,43,1,69,11,1,0,2018-10-24 12:41:33.167,2020-05-18 00:03:15.723,140
254,Surat Municipal Corporation - Water,43,1,69,21,1,0,2018-10-24 12:41:59.700,2020-05-18 00:03:15.723,140
255,M.P. Poorv Kshetra Vidyut Vitaran – RURAL,43,1,69,2,1,0,2018-11-15 16:28:01.497,2020-05-18 00:03:15.723,140
256,Sikkim Power – RURAL,43,1,69,2,1,0,2018-11-15 16:28:27.577,2020-05-18 00:03:15.723,140
257,Ujjain Nagar Nigam - PHED,43,1,69,21,1,0,2018-12-03 14:58:21.590,2021-07-23 18:37:10.367,205
258,Pune Municipal Corporation - Water,43,1,69,21,1,0,2018-12-17 09:16:44.060,2020-05-18 00:03:15.723,140
259,Kanpur Electricity Supply Company,43,1,69,2,1,0,2018-12-25 14:50:39.767,2020-05-18 00:03:15.723,140
260,Greater Warangal Municipal Corporation - Water,43,1,69,21,0,0,2019-01-02 09:22:53.700,2022-05-20 18:16:30.530,205
261,Goa Electricity Department,58,1,69,2,1,0,2019-01-28 12:55:52.157,2022-05-10 12:25:36.260,205
262,Gail Gas Limited,43,1,69,11,1,0,2019-01-28 12:56:15.657,2020-05-18 00:03:15.723,140
263,"Department of Power, Nagaland",43,1,69,2,1,0,2019-02-02 11:09:37.740,2020-05-18 00:03:15.723,140
264,Mangalore Electricity Supply Co. Ltd (MESCOM),43,1,69,2,1,0,2019-02-02 11:09:58.240,2020-05-18 00:03:15.723,140
265,Sikkim Power - Urban,43,1,69,2,1,0,2019-02-02 11:10:17.947,2020-05-18 00:03:15.723,140
266,TP Central Odisha Distribution Limited (TPCODL),43,1,69,2,1,0,2019-02-19 15:01:32.727,2022-03-16 15:25:51.633,205
267,Kerala State Electricity Board Ltd. (KSEBL),43,1,69,2,1,0,2019-02-19 15:01:54.930,2020-05-18 00:03:15.723,140
268,Power And Electricity Department - Mizoram,43,1,69,2,1,0,2019-02-19 15:02:15.133,2020-05-18 00:03:15.723,140
269,IRM Energy Private Limited,43,1,69,11,1,0,2019-02-19 15:00:17.833,2020-05-18 00:03:15.723,140
270,Comway Broadband,43,1,69,20,1,0,2019-02-19 15:00:46.443,2020-05-18 00:03:15.723,140
271,Fusionnet Web Services Private Limited,43,1,69,20,1,0,2019-02-19 15:01:09.367,2020-05-18 00:03:15.723,140
272,Silvassa Municipal Council,43,1,69,21,1,0,2019-03-12 09:55:25.290,2020-05-18 00:03:15.723,140
273,Ranchi Municipal Corporation,43,1,69,21,1,0,2019-03-12 09:55:49.620,2020-05-18 00:03:15.723,140
274,ION,43,1,69,20,1,0,2019-03-12 09:54:53.383,2020-05-18 00:03:15.723,140
275,ASIANET Broadband,43,1,69,20,1,0,2019-03-12 09:54:16.020,2020-05-18 00:03:15.723,140
276,Haryana Urban Development Authority,43,1,69,21,1,0,2019-07-30 12:52:29.970,2020-05-18 00:03:15.723,140
277,Goa Electricity Department - GOA Demand Note,43,1,69,2,1,0,2019-11-02 13:27:25.177,2020-05-18 00:03:15.723,140
278,Goa Electricity Department - Installment Plan,43,1,69,2,1,0,2019-11-02 13:27:53.973,2020-05-18 00:03:15.723,140
279,Green Gas Limited(GGL),43,1,69,11,1,0,2019-11-02 13:28:26.257,2020-05-18 00:03:15.723,140
280,M-NET Fiber Fast,43,1,69,20,1,0,2019-11-02 13:29:12.367,2020-05-18 00:03:15.723,140
281,Mysuru City Corporation,43,1,69,21,1,0,2019-11-02 13:29:43.040,2020-05-18 00:03:15.723,140
282,Punjab Municipal Corporations Councils,43,1,69,21,1,0,2019-11-02 13:30:07.510,2020-05-18 00:03:15.723,140
283,Ahmedabad Municipal Corporation,43,1,69,30,1,0,2019-11-02 13:30:31.573,2021-08-27 14:04:43.383,205
284,Delhi Development Authority (DDA) - Water,43,1,69,21,1,0,2019-11-02 13:31:02.950,2020-05-18 00:03:15.723,140
285,Pimpri Chinchwad Municipal Corporation,43,1,69,21,1,0,2019-11-02 13:31:28.903,2021-08-05 17:23:03.743,205
286,"Department of Public Health Engineering- Water, Mi",43,1,69,21,1,0,2019-11-25 16:45:21.567,2020-05-18 00:03:15.723,140
287,DEN Broadband,43,1,69,20,1,0,2019-11-25 16:45:48.320,2020-05-18 00:03:15.723,140
288,Gigatel Networks,43,1,69,20,0,0,2019-11-25 16:46:08.227,2021-01-15 17:53:32.483,181
289,HP Gas (HPCL),43,1,69,25,0,0,2019-11-25 16:46:51.727,2022-03-21 12:18:07.833,205
290,Timbl Broadband,43,1,69,20,1,0,2019-11-25 16:47:56.027,2020-05-18 00:03:15.723,140
291,Municipal Corporation of Amritsar,43,1,69,21,1,0,2019-11-25 16:47:39.040,2020-05-18 00:03:15.723,140
292,Government of Puducherry Electricity Department,43,1,69,2,1,0,2019-11-25 16:46:30.413,2020-05-18 00:03:15.723,140
293,Instalinks,43,1,69,20,1,0,2019-11-25 16:47:13.883,2020-05-18 00:03:15.723,140
294,Bajaj Finance,43,1,69,24,1,0,2019-12-17 16:14:05.500,2022-05-10 12:19:01.097,205
295,IDFC FIRST Bank Ltd,43,1,69,24,0,1,2020-01-28 14:26:01.347,2020-05-18 00:03:15.723,140
296,Assam Gas Company Limited,43,1,69,11,1,0,2020-01-28 15:14:48.530,2020-05-18 00:03:15.723,140
297,Vfibernet Broadband,43,1,69,20,1,0,2020-01-28 15:23:54.160,2020-05-18 00:03:15.723,140
298,Instanet Broadband,43,1,69,20,0,0,2020-01-28 15:24:21.690,2022-05-20 18:12:54.000,205
299,IndusInd Bank- Fastag,58,1,69,26,1,0,2020-01-28 15:25:05.537,2022-05-06 09:36:43.020,140
300,Indian Highways Management Company Ltd,43,1,69,26,0,1,2020-01-28 15:25:28.223,2020-05-18 00:03:15.723,140
301,Indane Gas (Indian Oil),43,1,69,25,1,0,2020-01-28 15:25:48.727,2022-03-17 12:41:21.673,205
302,Bharat Gas (BPCL),43,1,69,25,1,0,2020-01-28 15:26:17.650,2022-04-08 18:54:29.560,140
303,HDFC Life Insurance Co. Ltd.,43,1,69,19,1,0,2020-02-08 11:26:20.853,2020-06-22 13:22:51.877,140
304,L and T Financial Services,43,1,69,24,1,0,2020-02-08 10:08:24.167,2022-05-06 09:35:02.573,140
305,Paisa Dukan-Borrower EMI,43,1,69,24,1,0,2020-02-08 10:08:42.340,2020-05-18 00:03:15.723,140
306,M.P Poorva Kshetra Vidyut Vitaran Co. Ltd Jabalpur,43,1,69,2,1,0,2020-02-11 13:02:58.920,2020-05-18 00:03:15.723,140
307,Hathway Digital Cable TV,43,1,69,27,1,0,2020-02-22 10:34:08.420,2020-08-03 09:46:46.130,282
308,Flexsalary,43,1,69,24,1,0,2020-02-22 10:48:43.560,2020-05-18 00:03:15.723,140
309,Loksuvidha,43,1,69,24,1,0,2020-02-22 10:49:02.373,2020-05-18 00:03:15.723,140
310,Motilal Oswal Home Finance,43,1,69,24,1,0,2020-02-22 10:49:21.670,2020-05-18 00:03:15.723,140
311,Snapmint,43,1,69,24,1,0,2020-02-22 10:49:46.860,2020-05-18 00:03:15.723,140
312,Tata Capital Financial Services Limited,43,1,69,24,0,0,2020-02-22 10:50:08.813,2020-11-16 19:48:25.670,181
313,ICICI Bank Fastag,58,1,69,26,1,0,2020-03-02 16:29:31.480,2022-03-31 13:10:59.660,205
314,Kerala Water Authority (KWA),43,1,69,21,1,0,2020-03-02 16:29:57.187,2020-05-18 00:03:15.723,140
315,Bank of Baroda - Fastag,43,1,69,26,0,0,2020-03-06 17:26:23.343,2021-08-27 14:01:54.223,205
316,Netplus Broadband,43,1,69,20,1,0,2020-03-12 14:11:37.677,2020-05-18 00:03:15.723,140
317,Religare Health Insurance Co Ltd.,43,1,69,28,1,0,2020-03-12 14:14:48.013,2020-05-18 00:03:15.723,140
318,Aditya Birla Housing Finance Limited,43,1,69,24,1,0,2020-03-29 15:03:29.540,2020-05-18 00:03:15.723,140
319,Shriram City  Union Finance Ltd,43,1,69,24,0,0,2020-03-29 15:04:25.287,2020-11-06 19:06:26.657,181
320,L and T Housing finance,43,1,69,24,1,0,2020-04-15 18:25:28.030,2020-05-18 00:03:15.723,140
321,Indiabulls Consumer Finance Limited,43,1,69,24,1,0,2020-04-15 18:24:32.147,2020-05-18 00:03:15.723,140
322,Flash Fibernet,43,1,69,20,1,0,2020-04-23 11:45:36.953,2020-05-18 00:03:15.723,140
323,Exide Life Insurance,43,1,69,19,1,0,2020-04-27 16:54:23.240,2020-05-18 00:03:15.723,140
324,Pramerica Life Insurance Limited,43,1,69,19,1,0,2020-04-27 16:54:54.467,2020-05-18 00:03:15.723,140
325,Hero FinCorp Limited,43,1,69,24,0,0,2020-04-27 16:56:45.430,2021-01-13 13:21:31.053,181
326,Sanwariya Gas Limited,43,1,69,11,1,0,2020-04-27 16:55:31.637,2020-05-18 00:03:15.723,140
327,AAVAS FINANCIERS LIMITED,43,1,69,24,1,0,2020-05-04 16:39:25.070,2020-05-18 00:03:15.723,140
328,Indiabulls Housing Finance Limited,43,1,69,24,1,0,2020-05-04 16:39:55.600,2020-05-18 00:03:15.723,140
329,Future Generali India Life Insurance Company Limit,43,1,69,19,1,0,2020-05-04 16:40:57.413,2020-05-18 00:03:15.723,140
330,Axis Bank FASTag,43,1,69,26,1,0,2020-05-04 16:41:29.413,2021-11-08 13:28:33.623,205
331,Avail,43,1,69,24,0,0,2020-05-04 16:41:55.430,2021-12-14 12:46:10.103,205
332,Clix,43,1,69,24,1,0,2020-05-04 16:42:24.243,2020-05-18 00:03:15.723,140
333,Varthana,43,1,69,24,1,0,2020-05-04 16:42:51.933,2020-05-18 00:03:15.723,140
334,Mount Olivet Sr. Sec. School,43,1,69,29,1,0,2020-05-27 21:29:13.050,2020-05-27 21:29:13.050,140
335,Reliance Nippon Life Insurance,43,1,69,19,1,0,2020-05-27 22:02:46.860,2020-05-27 22:02:46.860,140
336,Shriram Life Insurance Co Ltd,43,1,69,19,1,0,2020-05-27 22:03:18.770,2020-08-18 22:00:45.820,140
337,Bajaj Auto Finance,43,1,69,24,0,0,2020-05-27 22:08:15.553,2021-08-07 13:55:58.670,205
338,Capri Global Capital Limited,43,1,69,24,1,0,2020-05-27 22:08:40.480,2021-12-03 17:51:04.887,282
339,Capri Global Housing Finance,43,1,69,24,1,0,2020-05-27 22:09:10.953,2020-05-28 10:58:42.157,140
340,Ess Kay Fincorp Limited (Sk Finance),43,1,69,24,1,0,2020-05-27 22:09:40.567,2020-12-02 15:24:31.907,282
341,Faircent,43,1,69,24,1,0,2020-05-27 22:10:10.740,2021-12-03 17:52:22.820,282
342,i2iFunding,43,1,69,24,1,0,2020-05-27 22:10:47.307,2020-05-28 10:59:03.493,140
343,Jana Small Finance Bank,43,1,69,24,1,0,2020-05-27 22:11:21.363,2020-08-03 09:56:53.000,282
344,Manappuram Finance Limited-Vehicle Loan,43,1,69,24,1,0,2020-05-27 22:11:47.947,2020-12-02 15:24:54.913,282
345,Star Union Dai Ichi Life Insurance,43,1,69,19,1,0,2020-06-01 18:44:17.990,2021-12-03 17:50:36.113,282
346,Vastu Housing Finance Corporation Limited,43,1,69,24,1,0,2020-06-01 18:44:56.003,2020-06-01 18:44:56.003,140
347,Arohan Financial Services Ltd,43,1,69,24,1,0,2020-06-11 10:58:50.847,2020-06-11 10:58:50.847,140
348,Camden Town Technologies Pvt Ltd,43,1,69,24,1,0,2020-06-11 10:59:22.617,2020-06-11 10:59:22.617,140
349,DMI Finance Private Limited,43,1,69,24,0,0,2020-06-11 10:59:51.707,2021-03-03 11:48:12.093,181
350,LOANTAP CREDIT PRODUCTS PRIVATE LIMITED,43,1,69,24,1,0,2020-06-11 11:01:20.587,2020-06-11 11:01:20.587,140
351,MoneyMitra IT Solutions Pvt Ltd,43,1,69,24,1,0,2020-06-11 11:02:08.597,2020-06-11 11:02:08.597,140
352,Sri Guru Teg Bahadur Khalsa College,43,1,69,29,1,0,2020-06-11 11:02:59.220,2020-06-11 11:02:59.220,140
353,Shriram Housing Finance Limited,43,1,69,24,1,0,2020-06-11 11:05:51.210,2020-08-18 22:01:06.190,140
354,SI CREVA CAPITAL SERVICES PVT LTD,43,1,69,24,1,0,2020-06-11 11:03:48.763,2020-06-11 11:03:48.763,140
355,Visage Holdings & Finance Pvt Ltd,43,1,69,24,1,0,2020-06-11 11:04:17.580,2020-06-11 11:04:17.580,140
356,Kalyan Dombivali Municipal Corporation,43,1,69,21,1,0,2020-06-11 11:00:38.887,2020-06-11 11:00:38.887,140
357,Bajaj Allianz Life Insurance Company Limited,43,1,69,19,1,0,2020-06-22 13:42:40.263,2020-08-03 09:55:51.257,282
358,Easy Home Finance Limited,43,1,69,24,1,0,2020-06-22 13:43:39.067,2020-06-22 13:43:39.067,140
359,Ebony Greens Apartments Owners Association,43,1,69,31,1,0,2020-06-22 13:44:23.447,2020-06-22 13:44:23.447,140
360,Kalyan Dombivali Municipal Corporation Taxes,43,1,69,30,1,0,2020-06-22 13:45:16.533,2020-06-22 13:45:16.533,140
361,Madhya Pradesh Urban (e-Nagarpalika ) – Water,43,1,69,21,1,0,2020-06-22 13:46:52.697,2021-08-05 17:22:49.337,205
362,Madhya Pradesh Urban (e-Nagarpalika ) - Property,43,1,69,30,1,0,2020-06-22 13:46:12.130,2021-08-05 17:22:39.600,205
363,Muthoot Microfin Limited,43,1,69,24,1,0,2020-06-22 13:47:18.203,2020-06-22 13:47:18.203,140
364,PARISAR CO OPERATIVE HOUSING SERVICE SOCIETY LIMIT,43,1,69,31,1,0,2020-06-22 13:47:45.930,2020-06-22 13:47:45.930,140
365,Shriram Transport Finance Company Limited,43,1,69,24,1,0,2020-06-22 13:48:43.137,2020-08-18 22:01:15.530,140
366,Axis Finance Limited,43,1,69,24,1,0,2020-06-22 14:09:38.570,2020-06-22 14:09:38.570,140
367,Cars24 Financial Services Private Limited,43,1,69,24,1,0,2020-06-22 14:10:06.620,2020-06-22 14:10:06.620,140
368,IDFC FIRST Bank - FasTag,58,1,69,26,1,0,2020-06-22 14:10:37.983,2022-03-31 13:11:16.560,205
369,Jain Autofin,43,1,69,24,1,0,2020-06-22 14:11:19.217,2020-06-22 14:11:19.217,140
370,Vasai Virar Municipal Corporation - Property,43,1,69,30,1,0,2020-06-22 14:12:00.483,2020-06-22 14:12:00.483,140
371,AU Bank Loan Repayment,43,1,69,24,0,0,2020-06-30 06:45:37.007,2021-12-03 17:49:19.230,282
372,"Department of Power, Government of Arunachal Prade",43,1,69,2,1,0,2020-06-30 06:46:23.863,2020-06-30 06:46:23.863,140
373,HDFC Bank - Fastag,58,1,69,26,1,0,2020-06-30 06:47:03.840,2022-03-31 13:10:48.823,205
374,Naveriya Gas Pvt Ltd,43,1,69,11,1,0,2020-06-30 06:47:39.357,2020-06-30 06:47:39.357,140
375,Oxyzo Financial Services Pvt Ltd,43,1,69,24,0,0,2020-06-30 06:48:16.800,2020-09-01 17:50:48.570,181
376,Toyota Financial Services,43,1,69,24,1,0,2020-06-30 06:48:55.443,2020-06-30 06:48:55.443,140
377,St. Lawrence Convent,43,1,69,29,1,0,2020-07-22 09:23:38.893,2020-07-22 09:23:38.893,140
378,St. Lawrence College of Higher Education,43,1,69,29,1,0,2020-07-22 09:24:16.007,2020-07-22 09:24:16.007,140
379,D.R. International School,43,1,69,29,1,0,2020-07-22 09:24:56.460,2020-07-22 09:24:56.460,140
380,Siddhi Vinayak College of Science and HR. Educatio,43,1,69,29,1,0,2020-07-22 09:26:08.437,2020-07-22 09:26:08.437,140
381,Annapurna Finance Private Limited-MFI,43,1,69,24,1,0,2020-07-22 15:13:19.017,2020-07-22 15:13:19.017,140
382,G U Financial Services Pvt Ltd,43,1,69,24,1,0,2020-07-22 15:13:49.197,2020-07-22 15:13:49.197,140
383,Hubli-Dharwad Municipal Corporation,43,1,69,30,1,0,2020-07-22 15:14:24.750,2020-07-22 15:14:24.750,140
384,Avanse Financial Services Ltd,43,1,69,24,1,0,2020-07-22 15:14:58.087,2020-07-22 15:14:58.087,140
385,Fullerton India credit company limited,43,1,69,24,1,0,2020-07-22 15:15:30.663,2020-07-22 15:15:30.663,140
386,Muthoot Capital Services Ltd,43,1,69,24,1,0,2020-07-22 15:12:43.440,2020-07-22 15:12:43.440,140
387,Bajaj Allianz General Insurance,43,1,69,32,1,0,2020-07-22 15:09:42.533,2020-10-31 16:06:01.147,282
388,Fullerton India Housing Finance Limited,43,1,69,24,1,0,2020-07-22 15:15:57.743,2020-07-22 15:15:57.743,140
389,Vasai Virar Municipal Corporation - Water,43,1,69,21,1,0,2020-07-22 15:16:27.713,2020-07-22 15:16:27.713,140
390,Port Blair Municipal Council - Water,43,1,69,21,1,0,2020-07-22 15:16:52.657,2020-07-22 15:16:52.657,140
391,MTNL Mumbai Dolphin,43,1,69,1,1,0,2020-07-22 15:10:17.637,2020-07-22 15:10:17.637,140
392,Excell Broadband,70,1,69,20,1,0,2020-07-22 15:11:46.187,2022-05-06 09:48:07.117,140
393,Adani Capital Pvt Ltd,43,1,69,24,1,0,2020-08-04 17:31:28.860,2020-08-04 17:31:28.860,140
394,Annapurna Finance Private Limited - MSME,43,1,69,24,1,0,2020-08-04 17:32:15.137,2020-08-04 17:32:15.137,140
395,India Shelter Finance Corporation Limited,43,1,69,24,1,0,2020-08-04 17:38:45.980,2020-08-04 17:38:45.980,140
396,Prayagraj Nagar Nigam,43,1,69,30,1,0,2020-08-04 17:43:07.630,2020-08-04 17:43:07.630,140
397,Fincare Small Finance Bank,43,1,69,24,1,0,2020-08-04 17:37:29.033,2020-08-04 17:37:29.033,140
398,Kanakadurga Finance Limited,43,1,69,24,1,0,2020-08-04 17:39:31.820,2020-08-04 17:39:31.820,140
399,Mahindra Rural Housing Finance Ltd,43,1,69,24,1,0,2020-08-04 17:40:31.660,2020-08-04 17:40:31.660,140
400,Pooja Finelease Ltd,41,1,67,24,0,1,2019-10-18 10:39:10.810,2021-08-09 14:46:26.900,140
401,Shriram General Insurance,43,1,69,32,1,0,2020-08-04 17:44:57.377,2020-08-04 17:44:57.377,140
402,Aviva Life Insurance,43,1,69,19,1,0,2020-08-05 12:10:35.470,2021-11-02 19:05:15.820,140
403,Baid Leasing and Finance,43,1,69,24,1,0,2020-08-05 12:11:49.477,2020-08-05 12:11:49.477,140
404,OMLP2P.COM,43,1,69,24,1,0,2020-08-05 12:18:36.063,2020-08-05 12:18:36.063,140
405,"Institute of Hotel Management, Shri Shakti",43,1,69,29,1,0,2020-08-05 12:20:41.467,2020-08-05 12:20:41.467,140
406,Grizzly Vidyalaya,43,1,69,29,1,0,2020-08-05 12:21:12.990,2020-08-05 12:21:12.990,140
407,The Global Open University,43,1,69,29,1,0,2020-08-05 12:21:42.797,2020-08-05 12:21:42.797,140
408,Sri Guru Granth Sahib World University,43,1,69,29,1,0,2020-08-05 12:22:11.103,2020-08-05 12:22:11.103,140
409,BERAR Finance Limited,43,1,69,24,0,0,2020-08-05 12:12:37.283,2021-03-27 19:35:41.587,181
410,Kotak Mahindra Bank - Fastag Recharge,61,5,69,9,1,0,2020-08-05 12:14:24.990,2022-01-17 10:48:09.780,205
411,Max Bupa Health Insurance,43,1,69,28,1,0,2020-08-05 12:16:49.013,2021-08-03 11:07:33.913,282
412,OHMYLOAN,43,1,69,24,1,0,2020-08-05 12:18:04.593,2020-08-05 12:18:04.593,140
413,Asianet Digital,43,1,69,27,1,0,2020-08-18 12:09:09.487,2020-08-18 12:09:09.487,140
414,Port Blair Municipal Council,43,1,69,33,1,0,2020-08-18 12:09:44.757,2020-08-18 12:09:44.757,140
415,Altum Credo Home Finance,43,1,69,24,1,0,2020-08-18 12:10:11.973,2020-08-18 12:10:11.973,140
416,Maxvalue Credits And Investments,43,1,69,24,1,0,2020-08-18 12:10:41.507,2020-08-18 12:10:41.507,140
417,Svatantra Microfin Private Limited,43,1,69,24,1,0,2020-08-18 12:11:12.763,2020-08-18 12:11:12.763,140
418,B.K. Arogyam and Research Pvt. Ltd,43,1,69,34,1,0,2020-08-26 10:36:55.350,2020-08-26 10:36:55.350,140
419,Jalkal Vibhag Nagar Nigam Prayagraj,43,1,69,21,1,0,2020-08-26 10:37:30.887,2020-08-26 10:37:30.887,140
420,Jammu and Kashmir Power Development Department,43,1,69,2,1,0,2020-08-26 10:38:01.163,2020-08-26 10:38:01.163,140
421,INDUSIND BANK - CFD,43,1,69,24,1,0,2020-08-26 10:38:35.270,2021-08-27 14:04:35.560,205
422,FlexiLoans,43,1,69,24,1,0,2020-08-26 10:38:59.797,2020-08-26 10:38:59.797,140
423,Credit Wise Capital,43,1,69,24,1,0,2020-08-26 10:39:37.153,2020-08-26 10:39:37.153,140
424,Chaitanya India Fin Credit Pvt Ltd,43,1,69,24,1,0,2020-08-26 10:40:05.413,2020-08-26 10:40:05.413,140
425,Digamber Capfin Limited,43,1,69,24,1,0,2020-08-26 10:40:37.397,2020-08-26 10:40:37.397,140
426,Midland Microfin Ltd,43,1,69,24,1,0,2020-08-26 10:41:05.823,2020-08-26 10:41:05.823,140
427,Akshara Vidyaashram,43,1,69,29,1,0,2020-08-26 10:41:37.033,2020-08-26 10:41:37.033,140
428,Megha Gas,43,1,69,11,1,0,2020-08-26 10:42:03.153,2020-08-26 10:42:03.153,140
429,Swifttele Enterprises Private Limited,43,1,69,20,1,0,2020-08-26 10:42:25.367,2020-08-26 10:42:25.367,140
430,Aegon Life Insurance,43,1,69,19,1,0,2020-09-14 13:02:35.667,2021-12-03 17:47:35.087,282
431,GAIL India,43,1,69,11,1,0,2020-09-14 13:03:11.130,2020-09-14 13:03:11.130,140
432,Royal Sundaram General Insurance Co. Limited,43,1,69,32,1,0,2020-09-14 13:04:42.230,2020-09-14 13:04:42.230,140
433,Seven Steps School,43,1,69,29,1,0,2020-09-14 13:05:33.237,2020-09-14 13:05:33.237,140
434,Shri Sanatan Dharam Girls College,43,1,69,29,1,0,2020-09-14 13:06:18.750,2020-09-14 13:06:18.750,140
435,Ascend Capital,43,1,69,24,1,0,2020-09-14 13:07:19.660,2020-09-14 13:07:19.660,140
436,DCB Bank Loan Repayment,43,1,69,24,1,0,2020-09-14 13:07:52.823,2020-09-14 13:07:52.823,140
437,Eduvanz Financing Pvt. Ltd.,43,1,69,24,1,0,2020-09-14 13:08:31.250,2020-09-14 13:08:31.250,140
438,Equitas FASTag Recharge,43,1,69,26,1,0,2020-09-14 13:09:13.140,2020-10-31 17:55:16.357,282
439,India Home Loan Limited,43,1,69,24,1,0,2020-09-14 13:09:53.990,2020-09-14 13:09:53.990,140
440,Magma HDI - Motor Insurance,43,1,69,32,1,0,2020-09-14 13:10:52.560,2021-12-03 17:48:35.487,282
441,Magma HDI - Health Insurance,43,1,69,28,1,0,2020-09-14 13:11:25.677,2021-12-03 17:48:06.570,282
442,Magma HDI - Life Insurance,43,1,69,19,1,0,2020-09-14 13:12:04.327,2020-09-14 13:12:04.327,140
443,Mintifi Finserve Private Limited,43,1,69,24,1,0,2020-09-14 13:12:41.880,2020-09-14 13:12:41.880,140
444,Nidhilakshmi Finance,43,1,69,24,1,0,2020-09-14 13:13:24.293,2020-09-14 13:13:24.293,140
445,NM Finance,43,1,69,24,1,0,2020-09-14 13:14:13.767,2020-09-14 13:14:13.767,140
446,Oroboro,43,1,69,24,1,0,2020-09-14 13:14:45.310,2020-09-14 13:14:45.310,140
447,Parentlane,43,1,69,10,1,0,2020-09-14 13:15:22.807,2020-11-30 14:46:13.813,282
448,Hiranandani Financial Services Pvt  Ltd,43,1,69,24,1,0,2020-10-17 13:45:04.400,2020-10-17 13:45:04.400,140
449,Home First Finance Company India Limited,43,1,69,24,1,0,2020-10-17 13:46:01.033,2020-10-17 13:46:01.033,140
450,Home Credit India Finance Pvt. Ltd,43,1,69,24,1,0,2020-10-17 13:47:01.157,2022-05-10 12:16:31.923,205
451,Ujjivan Small Finance Bank,43,1,69,24,0,0,2020-10-17 13:47:33.133,2021-04-03 13:35:20.993,181
452,Light Microfinance Private Limited,43,1,69,24,0,0,2020-10-17 13:49:13.907,2021-12-03 11:50:45.293,205
453,IIFL Finance Limited,43,1,69,24,0,0,2020-10-17 13:50:05.070,2021-05-27 12:38:15.497,282
454,IIFL Home Finance,43,1,69,24,1,0,2020-10-17 13:50:44.877,2020-10-17 13:50:44.877,140
455,MoneyTap,43,1,69,24,1,0,2020-10-17 13:51:20.640,2020-10-17 13:51:20.640,140
456,HT Digital,43,1,69,10,1,0,2020-10-17 13:52:06.350,2020-11-30 14:45:50.767,282
457,Jaypee Institute of Information Technology,43,1,69,29,1,0,2020-10-17 13:52:36.780,2020-10-17 13:52:36.780,140
458,TVS Credit,43,1,69,24,0,0,2020-10-17 13:54:01.173,2020-12-19 14:40:09.020,181
459,The Emerald Heights Boarding Unit,43,1,69,29,1,0,2020-10-17 13:54:41.110,2020-10-17 13:54:41.110,140
460,The Emerald Heights International School,43,1,69,29,1,0,2020-10-17 13:55:08.550,2020-10-17 13:55:08.550,140
461,The Emerald Heights Foundation School,43,1,69,29,1,0,2020-10-17 13:55:40.900,2020-10-17 13:55:40.900,140
462,CreditAccess Grameen - Microfinance,43,1,69,24,1,0,2020-10-17 13:57:36.100,2020-10-17 13:57:36.100,140
463,CreditAccess Grameen - Retail Finance,43,1,69,24,1,0,2020-10-17 13:58:08.437,2020-10-17 13:58:08.437,140
464,Khush Housing Finance Pvt Ltd,43,1,69,24,1,0,2020-10-17 13:58:46.833,2020-10-17 13:58:46.833,140
465,Axis Bank Limited - Retail Loan,43,1,69,24,1,0,2020-10-17 14:01:05.383,2020-10-17 14:01:05.383,140
466,InCred,43,1,69,24,0,0,2020-10-17 14:01:29.157,2021-11-11 11:05:17.547,205
467,Pooja Finlease,43,1,69,24,1,0,2020-10-17 14:02:01.883,2020-10-17 14:02:01.883,140
468,StashFin,43,1,69,24,1,0,2020-10-17 14:02:40.617,2020-10-17 14:02:40.617,140
469,Axis Bank Limited-Microfinance,43,1,69,24,1,0,2020-12-04 09:21:37.503,2020-12-04 09:21:37.503,140
470,Orange Retail Finance India Pvt Ltd,43,1,69,24,1,0,2020-12-04 09:22:22.103,2020-12-04 09:22:22.103,140
472,The Federal Bank Limited,43,1,69,26,1,0,2020-12-04 09:24:20.670,2021-01-28 18:24:04.113,181
473,Vistaar Financial services Private Limited,43,1,69,24,1,0,2020-12-04 09:23:36.570,2020-12-04 09:23:36.570,140
474,Bharat Financial Inclusion Ltd,43,1,69,24,1,0,2020-12-18 17:54:19.963,2020-12-18 17:54:19.963,140
475,Kamala Ashish No 3 Co Operative Housing Society Li,43,1,69,31,1,0,2020-12-18 17:54:52.640,2020-12-18 17:54:52.640,140
476,Sterling Heights Co Operative Housing Service Soci,43,1,69,31,1,0,2020-12-18 17:55:29.250,2020-12-18 17:55:29.250,140
477,Canara HSBC OBC Life Insurance,43,1,69,19,1,0,2020-12-18 15:55:23.483,2020-12-18 15:55:23.483,140
478,Furlenco,43,1,69,10,1,0,2020-12-18 15:56:30.820,2020-12-18 15:56:30.820,140
480,Intermedia Cable Communication Pvt Ltd,43,1,69,27,1,0,2020-12-18 15:55:55.890,2022-03-10 16:32:02.400,205
482,Kotak Mahindra Prime Limited,43,1,69,24,0,0,2020-12-18 17:56:13.510,2021-07-13 11:19:41.743,205
483,Mahindra and Mahindra Financial Services Limited,43,1,69,24,1,0,2020-12-18 17:56:41.530,2022-05-06 09:33:52.160,140
484,Nagar Nigam Aligarh,43,1,69,21,1,0,2020-12-18 17:57:08.157,2020-12-18 17:57:08.157,140
485,Paytm Payments Bank FASTag,43,1,69,26,1,0,2020-12-18 17:57:33.310,2022-05-10 12:20:41.460,205
486,Fastag Inventory,61,5,82,9,1,0,2021-02-10 13:51:46.557,2022-05-02 16:45:32.863,140
487,Fastag Issue,61,5,82,9,1,0,2021-02-10 13:52:23.070,2021-02-19 13:31:25.907,140
488,Jammu and Kashmir Bank FASTag,43,1,69,26,1,0,2021-03-02 12:32:19.630,2021-08-27 14:03:11.207,205
489,Paul Merchants FASTag,43,1,69,26,0,0,2021-03-02 12:32:50.793,2022-05-20 18:10:24.123,205
490,Transaction Analyst,43,1,69,26,0,0,2021-03-02 12:34:03.450,2022-05-20 18:07:26.260,205
491,Indian Highways Management Company Ltd FASTag,43,1,69,26,0,0,2021-03-02 12:34:17.783,2021-03-27 13:13:17.217,140
492,IDBI Bank Fastag,43,1,69,26,1,0,2021-04-01 16:20:19.870,2021-12-16 17:52:02.127,205
493,"Department of Power, Government of Arunachal Pradesh - Prepaid",43,1,69,2,1,0,2021-04-02 13:58:42.677,2021-04-02 13:58:42.677,140
494,kannan Devan Hills Plantations Company Private Limited,43,1,69,2,1,0,2021-04-02 14:01:10.620,2021-04-02 14:01:10.620,140
495,Madhya Pradesh Chamber Of Commerece And Industry,43,1,69,37,1,0,2021-04-02 14:01:33.680,2021-04-02 14:01:33.680,140
496,Ayaan Finserve India Private LTD,43,1,69,24,1,0,2021-04-02 18:00:15.627,2021-04-02 18:00:15.627,140
497,Sarvjan India Fintech Private Limited,43,1,69,24,1,0,2021-04-02 18:00:43.243,2021-04-02 18:00:43.243,140
498,Municipal Corporation Rohtak,43,1,69,30,1,0,2021-04-20 19:51:43.823,2021-04-20 19:51:43.823,181
500,Idea Bill Payment,43,1,8,1,0,0,2012-09-18 19:00:42.367,2021-08-10 15:37:47.043,205
501,Vodafone Idea Limited(VIL),43,1,19,1,1,0,2012-10-20 18:09:49.677,2022-05-10 11:11:50.297,205
502,Airtel Mobile Bill Payment,43,1,3,1,1,0,2012-10-20 18:11:37.490,2022-05-10 12:20:53.127,205
503,Airtel Landline Bill Payment,43,1,3,12,1,0,2012-10-20 18:13:16.613,2020-05-18 00:03:15.723,140
504,Cell One Bill Pay,9,1,5,1,0,1,2012-10-20 18:14:18.587,2020-05-18 00:03:15.723,140
505,Loop Bill Payment Cash,9,1,10,1,0,1,2012-10-20 18:15:38.163,2020-05-18 00:03:15.723,140
506,Tata Docomo Bill Payment,43,1,15,1,0,0,2012-10-29 14:57:49.737,2021-12-22 18:05:12.060,205
507,MTNL Delhi Landline,43,1,11,12,1,0,2012-10-29 14:59:52.317,2020-05-18 00:03:15.723,140
508,Reliance Landline,7,1,13,12,0,0,2016-05-30 15:30:27.600,2020-05-18 00:03:15.723,140
509,Aircel Mobile Bill Payment,43,1,2,1,0,1,2016-10-14 18:25:26.327,2020-05-18 00:03:15.723,140
510,MTS Mobile Bill Payment,7,1,12,1,0,0,2016-10-14 18:25:51.107,2020-05-18 00:03:15.723,140
511,Reliance Mobile Bill Payment,43,1,13,1,0,1,2016-10-14 18:26:12.893,2020-05-18 00:03:15.723,140
512,Tata Docomo Landline,43,1,15,12,1,0,2016-10-21 11:09:16.297,2020-10-01 16:13:26.680,181
513,BSNL Landline - Corporate,43,1,69,12,1,0,2017-11-14 16:31:46.270,2020-05-18 00:03:15.723,140
514,Reliance Jio Bill Payment,58,1,69,1,1,0,2018-06-28 14:42:41.043,2022-05-12 13:45:56.477,140
515,Rajkot Municipal Corporation,43,1,69,30,1,0,2021-04-23 16:19:40.850,2021-04-24 00:02:21.700,181
516,Aadhar Housing Finance Limited,43,1,69,24,1,0,2021-04-23 16:47:46.527,2021-04-24 00:02:21.700,181
517,Skylink Fibernet Private Limited,43,1,69,20,0,0,2021-04-23 18:04:57.007,2021-12-30 16:36:09.067,205
518,Rajindra Gymkhana And Mahendra Club Ltd,43,1,69,37,1,0,2021-04-23 19:37:10.703,2021-04-24 00:02:21.700,181
519,Mangalore Electricity Supply Company LTD (Non RAPDR),43,1,69,2,1,0,2021-04-23 19:55:59.563,2021-04-24 00:02:21.700,181
520,Gift Power Company Limited,43,1,69,2,1,0,2021-04-23 20:02:58.857,2021-04-24 00:02:21.700,181
521,Lakshadweep Electricity Department,43,1,69,2,1,0,2021-04-23 20:03:42.887,2021-04-24 00:02:21.700,181
522,JNC The Park Home Buyers Society,43,1,69,31,1,0,2021-04-23 20:08:13.060,2021-04-24 00:02:21.700,181
523,D D Plaza Co-Op Premises Society Ltd,43,1,69,31,1,0,2021-04-23 20:09:35.637,2021-04-24 00:02:21.700,181
524,Pearl Regalia Welfare And Maintenance Society,43,1,69,31,1,0,2021-04-23 20:10:10.707,2021-04-24 00:02:21.700,181
525,Abhushan Residency C Wing,43,1,69,31,1,0,2021-04-23 20:10:46.740,2021-04-24 00:02:21.700,181
526,Viviana Co Operative Housing Society Limited,43,1,69,31,1,0,2021-04-23 20:11:17.540,2021-04-24 00:02:21.700,181
527,Viviana Co Op Hsg Soc Ltd Cultural Forum,43,1,69,31,1,0,2021-04-23 20:11:58.603,2021-04-24 00:02:21.700,181
528,Lodha Meridian Owners Welfare Society 4Th Phase,43,1,69,31,1,0,2021-04-23 20:12:35.040,2021-04-24 00:02:21.700,181
529,Association Of Apartment Owners Of Star Court Cluster,43,1,69,31,1,0,2021-04-23 20:13:12.733,2021-04-24 00:02:21.700,181
530,Max Life Insurance Company Limited,43,1,69,19,1,0,2021-04-23 20:16:46.210,2021-04-24 00:02:21.700,181
531,IDBI Federal Life Insurance,43,1,69,19,1,0,2021-04-23 20:28:22.183,2021-04-24 00:02:21.700,181
532,Aditya Birla Health Insurance Co Limited,43,1,69,28,1,0,2021-04-23 20:29:04.260,2021-04-24 00:02:21.700,181
533,Kolhapur Municipal Corporation - Water Tax,43,1,69,30,1,0,2021-04-23 20:30:35.240,2021-04-24 00:02:21.700,181
534,Nagar Nigam Agra,43,1,69,30,1,0,2021-04-23 20:31:27.703,2021-04-24 00:02:21.717,181
535,Minicipal Corporation - Meerut,43,1,69,30,1,0,2021-04-23 20:32:29.680,2021-04-24 00:02:21.717,181
536,Nagar Palika Parishad Lalitpur,43,1,69,30,1,0,2021-04-23 20:34:07.053,2021-04-24 00:02:21.717,181
537,Vatva Industrial Estate Infrastructure Development Ltd,43,1,69,21,1,0,2021-04-23 20:35:11.720,2021-04-24 00:02:21.717,181
538,"Public Health Engineering Department, Haryana",43,1,69,21,1,0,2021-04-23 20:37:26.607,2021-04-24 00:02:21.717,181
539,Adani Housing Finance,43,1,69,24,1,0,2021-04-23 20:39:18.760,2021-04-24 00:02:21.717,181
540,Janakalyan Financial Services Private Limited,43,1,69,24,1,0,2021-05-08 18:34:41.763,2021-05-11 14:19:27.237,181
541,Muthoot Fincorp Ltd,43,1,69,24,1,0,2021-05-08 18:35:43.760,2021-05-11 14:19:27.237,181
542,John Deere Financial India Private Limited`,43,1,69,24,1,0,2021-05-08 18:36:53.820,2021-05-11 14:19:27.237,181
543,Dvara Kshetriya Gramin Financials Private Limited,43,1,69,24,1,0,2021-05-08 18:37:26.000,2021-05-11 14:19:27.237,181
544,Muthoot Finance,43,1,69,24,0,0,2021-05-08 18:38:09.280,2021-08-28 11:26:53.753,205
545,Samasta Microfinance Limited`,43,1,69,24,1,0,2021-05-08 18:38:48.520,2021-05-11 14:19:27.237,181
546,HDB Financial Services Limited,43,1,69,24,0,0,2021-05-08 18:39:18.517,2021-10-16 16:30:45.623,205
547,Indiabulls Commercial Credit Ltd,43,1,69,24,1,0,2021-05-08 18:39:55.483,2021-05-11 14:19:27.250,181
548,Tata Capital Housing Finance Limited,43,1,69,24,1,0,2021-05-08 18:40:28.480,2021-05-11 14:19:27.250,181
549,SMEcorner,43,1,69,24,1,0,2021-05-08 18:40:53.990,2021-05-11 14:19:27.250,181
550,Novelty Finance Ltd,43,1,69,24,1,0,2021-05-08 18:41:30.343,2021-05-11 14:19:27.250,181
551,Aptus Value Housing Finance India Limited,43,1,69,24,1,0,2021-05-08 18:41:54.107,2021-05-11 14:19:27.250,181
552,Aptus Finance India Private Limited,43,1,69,24,1,0,2021-05-08 18:42:17.007,2021-05-11 14:19:27.250,181
553,Mitron Capital,43,1,69,24,1,0,2021-05-08 18:42:44.417,2021-05-11 14:19:27.250,181
554,Thazhayil Nidhi Ltd,43,1,69,24,1,0,2021-05-08 18:43:05.737,2021-05-11 14:19:27.250,181
555,ESAF Small Finance Bank (Micro Loans),43,1,69,24,0,0,2021-05-08 18:43:35.240,2021-12-27 11:39:42.640,205
556,Yogakshemam Loans Ltd,43,1,69,24,1,0,2021-05-08 18:44:01.467,2021-05-11 14:19:27.250,181
557,Rander Peoples Co Operative Bank Ltd,43,1,69,24,1,0,2021-05-08 18:44:27.157,2021-05-11 14:19:27.250,181
558,Ayaan Finserve India Private LTD ,43,1,69,24,1,0,2021-05-08 18:44:53.373,2021-05-11 14:19:27.250,181
559,Sarvjan India Fintech Private Limited ,43,1,69,24,1,0,2021-05-08 18:45:27.817,2021-05-11 14:19:27.250,181
560,IndiaFirst Life Insurance ,43,1,69,19,1,0,2021-05-11 18:46:11.323,2021-05-11 18:46:11.323,181
561,Indostar Capital Finance Limited - CV ,43,1,69,24,1,0,2021-05-11 18:46:51.070,2021-05-11 18:46:51.070,181
562,Bank of Maharashtra FASTag,43,1,69,26,1,0,2021-06-14 14:36:53.373,2021-08-27 14:02:42.627,205
563,EbixCash,43,1,69,26,1,0,2021-06-14 14:37:33.503,2021-06-14 14:37:33.503,140
564,IOB FASTag,43,1,69,26,1,0,2021-06-14 14:37:54.680,2021-06-14 14:37:54.680,140
565,Karnataka Bank Fastag,43,1,69,26,1,0,2021-06-14 14:38:12.347,2021-06-14 14:38:12.347,140
566,UCO Bank Fastag,43,1,69,26,1,0,2021-06-14 14:38:35.470,2021-06-14 14:38:35.470,140
567,KMRL Axis Bank Kochi1 Card,43,1,69,39,1,0,2021-06-14 14:54:41.773,2021-06-14 14:54:41.773,140
568,DPS Megacity,43,1,69,2,1,0,2021-06-14 15:46:22.033,2021-06-14 15:46:22.033,140
569,Electricity Department Chandigarh,43,1,69,2,1,0,2021-06-14 15:46:44.533,2021-06-14 15:46:44.533,140
570,Thrissur Corporation Electricity Department,43,1,69,2,0,0,2021-06-14 15:47:11.127,2021-12-23 17:22:54.653,205
571,Agora Microfinance India Ltd - AMIL,43,1,69,24,1,0,2021-06-14 15:47:37.123,2021-06-14 15:47:37.123,140
573,Bajaj Housing Finance Limited,43,1,69,24,1,0,2021-06-14 15:48:53.410,2021-06-14 15:48:53.410,140
574,Belstar Microfinance Limited,43,1,69,24,1,0,2021-06-14 15:49:20.273,2021-06-14 15:49:20.273,140
575,Finova Capital Private Ltd,43,1,69,24,1,0,2021-06-14 15:49:45.390,2021-06-14 15:49:45.390,140
576,ICICI BANK - Interest Repayment,43,1,69,24,1,0,2021-06-14 15:50:04.620,2021-06-14 15:50:04.620,140
577,ICICI Bank Ltd - Loans,43,1,69,24,0,0,2021-06-14 15:50:25.783,2021-07-26 18:16:04.127,205
578,IDF Financial Services Private Limited,43,1,69,24,1,0,2021-06-14 15:50:51.347,2021-06-14 15:50:51.347,140
579,Indifi Technologies Private Limited,43,1,69,24,1,0,2021-06-14 15:51:11.653,2021-06-14 15:51:11.653,140
580,Jain Motor Finmart,43,1,69,24,1,0,2021-06-14 15:51:29.540,2021-06-14 15:51:29.540,140
581,Kotak Mahindra Bank Ltd.-Loans,43,1,69,24,0,0,2021-06-14 15:52:01.147,2022-01-18 17:05:57.703,205
582,LIC Housing Finance Limited,43,1,69,24,1,0,2021-06-14 15:52:20.733,2021-06-14 15:52:20.733,140
583,Mahaveer Finance India Limited,43,1,69,24,1,0,2021-06-14 15:52:38.877,2021-06-14 15:52:38.877,140
584,RupeeRedee,43,1,69,24,1,0,2021-06-14 15:52:56.273,2021-06-14 15:52:56.273,140
585,Mount Shikhar Financial Services Ltd,43,1,69,24,1,0,2021-06-14 15:53:13.980,2021-06-14 15:53:13.980,140
586,Netafim Agricultural Financing Agency Pvt. Ltd.,43,1,69,24,1,0,2021-06-14 15:53:39.187,2021-06-14 15:53:39.187,140
587,RMK Fincorp Pvt Ltd,43,1,69,24,1,0,2021-06-14 15:53:58.720,2021-06-14 15:53:58.720,140
588,Satin Creditcare Network Limited,43,1,69,24,1,0,2021-06-14 15:54:17.960,2021-06-14 15:54:17.960,140
589,Kissht,43,1,69,24,0,0,2021-06-14 15:54:39.077,2022-01-03 16:53:04.030,205
590,SMILE Microfinance Limited,43,1,69,24,0,0,2021-06-14 15:54:57.540,2022-04-01 18:10:26.400,205
591,Tata Motors Finance Limited,43,1,69,24,1,0,2021-06-14 15:55:15.340,2021-06-14 15:55:15.340,140
592,Kinara Capital,43,1,69,24,1,0,2021-06-14 15:55:33.330,2021-06-14 15:55:33.330,140
593,X10 Financial Services Limited,43,1,69,24,1,0,2021-06-14 15:55:51.957,2021-06-14 15:55:51.957,140
594,Ziploan,43,1,69,24,1,0,2021-06-14 15:56:08.030,2021-06-14 15:56:08.030,140
595,Money Transit Policy,66,6,67,13,0,0,2021-06-30 10:09:10.107,2021-11-18 11:03:16.720,282
599,Amazon Store,41,4,67,18,1,0,2019-09-30 15:04:03.207,2020-05-18 00:03:15.723,140
600,3M Car Care E-Gift Card,48,4,67,22,1,0,2017-11-18 13:27:45.143,2020-05-18 00:03:15.723,140
601,A Himanshu Jewelery E-Gift Voucher,48,4,67,22,1,0,2017-11-18 13:27:45.150,2020-05-18 00:03:15.723,140
602,Aeropostale E-Gift Card,48,4,67,22,1,0,2017-11-18 13:27:45.163,2020-05-18 00:03:15.723,140
603,Allen Solly E-Gift Card,48,4,67,22,1,0,2017-11-18 13:27:45.197,2020-05-18 00:03:15.723,140
604,Amazon.in E-Gift Card,48,4,67,22,1,0,2017-11-18 13:27:45.200,2020-06-05 16:18:53.560,100
605,Arrow E-Gift Card,48,4,67,22,1,0,2017-11-18 13:27:45.240,2020-05-18 00:03:15.723,140
606,Big Bazaar E-Gift Card,48,4,67,22,1,0,2017-11-18 13:27:45.247,2020-05-18 00:03:15.723,140
607,Bluestone E-Gift Cards,48,4,67,22,1,0,2017-11-18 13:27:45.280,2020-05-18 00:03:15.723,140
608,BookMyShow E-Gift Card,48,4,67,22,1,0,2017-11-18 13:27:45.310,2020-05-18 00:03:15.723,140
609,Cafe Coffee Day E-Gift Voucher,48,4,67,22,1,0,2017-11-18 13:27:45.343,2020-05-18 00:03:15.723,140
610,Candere Diamond E-Gift Voucher,48,4,67,22,1,0,2017-11-18 13:27:45.353,2020-05-18 00:03:15.723,140
611,Candere Gold E-Gift Voucher,48,4,67,22,1,0,2017-11-18 13:27:45.360,2020-05-18 00:03:15.723,140
612,CaratLane E-Gift Card,48,4,67,22,1,0,2017-11-18 13:27:45.387,2020-05-18 00:03:15.723,140
613,Chumbak E-Gift Card,48,4,67,22,1,0,2017-11-18 13:27:45.420,2020-05-18 00:03:15.723,140
614,Cleartrip E-Gift Card,48,4,67,22,1,0,2017-11-18 13:27:45.447,2020-05-18 00:03:15.723,140
615,Croma E-Gift Card,48,4,67,22,1,0,2017-11-18 13:27:45.463,2020-05-18 00:03:15.723,140
616,Fabindia E-Gift Card,48,4,67,22,1,0,2017-11-18 13:27:45.763,2020-05-18 00:03:15.723,140
617,Fastrack E-Gift Card,48,4,67,22,1,0,2017-11-18 13:27:45.890,2020-05-18 00:03:15.723,140
618,Flipkart E-Gift Voucher,48,4,67,22,1,0,2017-11-18 13:27:45.893,2021-06-25 19:08:39.437,100
619,Flying Machine E-Gift Card,48,4,67,22,1,0,2017-11-18 13:27:46.323,2020-05-18 00:03:15.723,140
620,Gaana E-Gift Card_549 6 Mths Subs,48,4,67,22,1,0,2017-11-18 13:27:46.343,2020-05-18 00:03:15.723,140
621,Gaana E-Gift Card_999 12 Mths Subs,48,4,67,22,1,0,2017-11-18 13:27:46.357,2020-05-18 00:03:15.723,140
622,Gant E-Gift Card,48,4,67,22,1,0,2017-11-18 13:27:46.370,2020-05-18 00:03:15.723,140
623,Gap E-Gift Card,48,4,67,22,1,0,2017-11-18 13:27:46.387,2020-05-18 00:03:15.723,140
624,Helios E-Gift card,48,4,67,22,1,0,2017-11-18 13:27:46.403,2020-05-18 00:03:15.723,140
625,Hidesign E-Gift card,48,4,67,22,1,0,2017-11-18 13:27:46.433,2020-05-18 00:03:15.723,140
626,Himalaya e-Gift Voucher,48,4,67,22,1,0,2017-11-18 13:27:46.447,2020-05-18 00:03:15.723,140
627,Hypercity E-Gift Card,48,4,67,22,1,0,2017-11-18 13:27:46.467,2020-05-18 00:03:15.723,140
628,IZOD E-Gift Card,48,4,67,22,1,0,2017-11-18 13:27:46.490,2020-05-18 00:03:15.723,140
629,Joyalukkas Diamond E-Gift Vouchers,48,4,67,22,1,0,2017-11-18 13:27:46.560,2020-05-18 00:03:15.723,140
630,Joyalukkas Pure Gold E-Gift Voucher,48,4,67,22,1,0,2017-11-18 13:27:46.563,2020-05-18 00:03:15.723,140
631,Lakme Salon E-Gift Card,48,4,67,22,1,0,2017-11-18 13:27:46.580,2020-05-18 00:03:15.723,140
632,Lemon Tree Hotels E-Gift Card,48,4,67,22,1,0,2017-11-18 13:27:46.597,2020-05-18 00:03:15.723,140
633,Levi's E-Gift Card,48,4,67,22,1,0,2017-11-18 13:27:46.623,2020-05-18 00:03:15.723,140
634,Lifestyle E-Gift Card,48,4,67,22,1,0,2017-11-18 13:27:46.653,2020-05-18 00:03:15.723,140
635,MakeMyTrip E-Gift Card,48,4,67,22,1,0,2017-11-18 13:27:46.663,2020-05-18 00:03:15.723,140
636,Makemytrip Holiday E-Gift Card,48,4,67,22,1,0,2017-11-18 13:27:46.710,2020-05-18 00:03:15.723,140
637,Makemytrip Hotel E-Gift Card,48,4,67,22,1,0,2017-11-18 13:27:46.717,2020-05-18 00:03:15.723,140
638,Myntra E-Gift Card,48,4,67,22,1,0,2017-11-18 13:27:46.740,2020-05-18 00:03:15.723,140
639,Nautica E-Gift Card,48,4,67,22,1,0,2017-11-18 13:27:46.760,2020-05-18 00:03:15.723,140
640,Nike E-Gift Card,48,4,67,22,1,0,2017-11-18 13:27:46.783,2020-05-18 00:03:15.723,140
641,Nykaa E-Gift Card,48,4,67,22,1,0,2017-11-18 13:27:46.877,2020-05-18 00:03:15.723,140
642,P N RAO E-Gift Card,48,4,67,22,1,0,2017-11-18 13:27:46.890,2020-05-18 00:03:15.723,140
643,Pantaloons E-Gift Card,48,4,67,22,0,1,2017-11-18 13:27:46.987,2020-05-18 00:03:15.723,140
644,Pavers England E-Gift Card,48,4,67,22,1,0,2017-11-18 13:27:46.990,2020-05-18 00:03:15.723,140
645,Peter England E-Gift Voucher,48,4,67,22,1,0,2017-11-18 13:27:47.027,2020-05-18 00:03:15.723,140
646,Planet fashion E-Gift Card,48,4,67,22,1,0,2017-11-18 13:27:47.030,2020-05-18 00:03:15.723,140
647,Prestige Smart Kitchen E-Gift Card,48,4,67,22,1,0,2017-11-18 13:27:47.037,2020-05-18 00:03:15.723,140
648,Puma E-Gift Card,48,4,67,22,1,0,2017-11-18 13:27:47.047,2020-05-18 00:03:15.723,140
649,PVR Cinemas E-Gift Card,48,4,67,22,1,0,2017-11-18 13:27:47.150,2020-05-18 00:03:15.723,140
650,Saavn E-Gift Card_285 3 Mths Subs,54,4,67,22,0,0,2017-11-18 13:27:47.243,2021-03-31 13:44:20.050,140
651,Saavn E-Gift Card_550 6 Mths Subs,48,4,67,22,0,0,2017-11-18 13:27:47.273,2021-03-31 13:44:44.203,140
652,JioSaavn Subscription,54,4,67,22,1,0,2017-11-18 13:27:47.280,2021-03-31 13:45:08.223,140
653,Saavn E-Gift Card_299 1 Yrs Subs,48,4,67,22,0,0,2017-11-18 13:27:47.297,2021-03-31 13:44:31.510,140
654,Shoppers Stop E-Gift Voucher,48,4,67,22,1,0,2017-11-18 13:27:47.320,2020-05-18 00:03:15.723,140
655,Taj Hotels E-Gift Card,48,4,67,22,1,0,2017-11-18 13:27:47.337,2020-05-18 00:03:15.723,140
656,The Raymond Shop E-Gift Card,48,4,67,22,1,0,2017-11-18 13:27:47.400,2020-05-18 00:03:15.723,140
657,Thomas Cook E-Gift Card,48,4,67,22,1,0,2017-11-18 13:27:47.403,2020-05-18 00:03:15.723,140
658,Thrillophilia E-Gift Card,48,4,67,22,1,0,2017-11-18 13:27:47.410,2020-05-18 00:03:15.723,140
659,Timesaverz E-Gift Card,48,4,67,22,1,0,2017-11-18 13:27:47.413,2020-05-18 00:03:15.723,140
660,Titan E-Gift card,48,4,67,22,1,0,2017-11-18 13:27:47.417,2020-05-18 00:03:15.723,140
661,Unlimited E-Gift Card,48,4,67,22,1,0,2017-11-18 13:27:47.420,2020-05-18 00:03:15.723,140
662,Urban Ladder E-Gift Voucher,48,4,67,22,1,0,2017-11-18 13:27:47.423,2020-05-18 00:03:15.723,140
663,US Polo Assn E-Gift Card,48,4,67,22,1,0,2017-11-18 13:27:47.427,2020-05-18 00:03:15.723,140
664,Van Heusen E-Gift Card,48,4,67,22,1,0,2017-11-18 13:27:47.430,2020-05-18 00:03:15.723,140
665,VLCC E-Gift Card,48,4,67,22,1,0,2017-11-18 13:27:47.437,2020-05-18 00:03:15.723,140
666,Westside E-Gift Card,48,4,67,22,1,0,2017-11-18 13:27:47.440,2020-05-18 00:03:15.723,140
667,William Penn E-Gift Card,48,4,67,22,1,0,2017-11-18 13:27:47.443,2020-05-18 00:03:15.723,140
668,Yatra E-Gift Voucher,48,4,67,22,1,0,2017-11-18 13:27:47.447,2020-05-18 00:03:15.723,140
669,Jabong E-Gift Card,48,4,67,22,1,0,2018-05-05 10:05:06.333,2020-05-18 00:03:15.723,140
670,Uber E-Gift Card,48,4,67,22,1,0,2018-10-09 09:38:29.557,2020-05-18 00:03:15.723,140
671,Alt Balaji 1 Yr Subs,54,4,67,22,0,0,2019-11-09 14:03:25.030,2021-03-20 15:49:02.523,181
672,Alt Balaji 3 Mnts Subs,54,4,67,22,0,0,2019-11-09 14:03:51.610,2021-03-20 15:49:53.917,181
673,Movie Card India E-Gift Card,48,4,67,22,1,0,2020-06-01 14:00:39.760,2020-06-01 14:00:39.760,140
674,Sony LIV E-Gift Voucher,48,4,67,22,1,0,2020-06-01 14:01:02.847,2020-06-01 14:01:02.847,140
675,Netmeds E-Gift Voucher,48,4,67,22,1,0,2020-06-01 13:17:16.847,2020-06-01 13:17:16.847,140
676,Aldo E-Gift Card,48,4,67,22,1,0,2020-06-01 13:55:35.713,2020-06-01 13:55:35.713,140
677,Beverly Hills Polo Club E-Gift Card,48,4,67,22,1,0,2020-06-01 13:57:25.097,2020-06-01 13:57:25.097,140
678,Inglot E-Gift Card,48,4,67,22,1,0,2020-06-01 13:58:44.757,2020-06-01 13:58:44.757,140
679,Lasenza E-Gift Card,48,4,67,22,1,0,2020-06-01 13:59:12.827,2020-06-01 13:59:12.827,140
680,Medlife E-Gift Card,48,4,67,22,1,0,2020-06-01 14:00:05.140,2020-06-01 14:00:05.140,140
681,Bath and Body Works E-Gift Card,48,4,67,22,1,0,2020-06-01 13:56:14.547,2020-06-01 13:56:14.547,140
682,Call It Spring E-Gift Card,48,4,67,22,1,0,2020-06-01 13:57:48.890,2020-06-01 13:57:48.890,140
683,Charles and Keith E-Gift Card,48,4,67,22,1,0,2020-06-01 13:58:13.873,2020-06-01 13:58:13.873,140
684,Major Brands E-Gift Card,48,4,67,22,1,0,2020-06-01 13:59:38.820,2020-06-01 13:59:38.820,140
685,TATA CLiQ E-Gift Card,48,4,67,22,1,0,2020-06-01 14:01:25.287,2020-06-01 14:01:25.287,140
686,Travel Triangle E-Gift Card,48,4,67,22,1,0,2020-06-01 14:01:47.610,2020-06-01 14:01:47.610,140
687,UrbanClap E-Gift Card-CORP,48,4,67,22,1,0,2020-06-01 14:02:30.307,2020-06-01 14:02:30.307,140
688,Dominos E-Gift Card - Generic,48,4,67,22,1,0,2021-06-29 15:04:35.860,2021-06-29 15:04:35.860,140
700,Diwakar Tracom Private Limited,43,1,69,24,1,0,2021-07-16 14:19:37.840,2021-07-16 14:19:37.840,40
701,Hindon Mercantile Limited - Mufin,43,1,69,24,1,0,2021-07-16 14:19:37.857,2021-07-16 14:19:37.857,40
702,Indostar Home Finance Private Limited,43,1,69,24,1,0,2021-07-16 14:19:37.857,2021-07-16 14:19:37.857,40
703,Loan2Wheels,43,1,69,24,1,0,2021-07-16 14:19:37.870,2021-07-16 14:19:37.870,40
704,Municipal Corporation Shimla,43,1,69,30,1,0,2021-07-16 14:19:37.870,2021-07-16 14:19:37.870,40
705,Muthoot Money,43,1,69,24,1,0,2021-07-16 14:19:37.870,2021-07-16 14:19:37.870,40
706,Puducherry UT (Local Bodies) -Property Tax,43,1,69,30,1,0,2021-07-16 14:19:37.887,2021-07-16 14:19:37.887,40
707,Rupee Circle,43,1,69,24,1,0,2021-07-16 14:19:37.887,2021-07-16 14:19:37.887,40
709,UDD Uttarakhand,43,1,69,30,1,0,2021-07-16 14:19:37.887,2021-07-16 14:19:37.887,40
710,Millennium College Of Pharmacy,43,1,69,29,1,0,2021-07-16 14:40:10.250,2021-07-16 14:40:10.250,40
711,Millennium College Of Nursing,43,1,69,29,1,0,2021-07-16 14:40:10.250,2021-07-16 14:40:10.250,40
712,Millennium Institute Of Technology And Science,43,1,69,29,1,0,2021-07-16 14:40:10.267,2021-07-16 14:40:10.267,40
713,Millennium College Of Management,43,1,69,29,1,0,2021-07-16 14:40:10.267,2021-07-16 14:40:10.267,40
714,Corporation of City Panaji,43,1,69,30,1,0,2021-07-16 14:40:10.267,2021-07-16 14:40:10.267,40
715,Margao Municipal Council,43,1,69,30,1,0,2021-07-16 14:40:10.280,2021-07-16 14:40:10.280,40
716,Mhapsa Municipal Council,43,1,69,30,1,0,2021-07-16 14:40:10.280,2021-07-16 14:40:10.280,40
717,Mormugao Municipal Council,43,1,69,30,1,0,2021-07-16 14:40:10.280,2021-07-16 14:40:10.280,40
718,Ponda Municipal Council,43,1,69,30,1,0,2021-07-16 14:40:10.297,2021-07-16 14:40:10.297,40
719,Sankhali Municipal council,43,1,69,30,1,0,2021-07-16 14:40:10.297,2021-07-16 14:40:10.297,40
720,Pernem Municipal council,43,1,69,30,1,0,2021-07-16 14:40:10.307,2021-07-16 14:40:10.307,40
721,Valpoi Municipal council,43,1,69,30,1,0,2021-07-16 14:40:10.310,2021-07-16 14:40:10.310,40
722,Quepem Municipal council,43,1,69,30,1,0,2021-07-16 14:40:10.317,2021-07-16 14:40:10.317,40
723,Bicholim Municipal council,43,1,69,30,1,0,2021-07-16 14:40:10.317,2021-07-16 14:40:10.317,40
724,Curchorem Cacora Municipal council,43,1,69,30,1,0,2021-07-16 14:40:10.317,2021-07-16 14:40:10.317,40
725,Sanguem Municipal council,43,1,69,30,1,0,2021-07-16 14:40:10.330,2021-07-16 14:40:10.330,40
726,Canacona Municipal council,43,1,69,30,1,0,2021-07-16 14:40:10.330,2021-07-16 14:40:10.330,40
727,Cuncolim Municipal council,43,1,69,30,1,0,2021-07-16 14:40:10.330,2021-07-16 14:40:10.330,40
728,Puducherry Urban Development Agency(LAD)-Property Tax,43,1,69,30,1,0,2021-07-16 14:40:10.347,2021-07-16 14:40:10.347,40
729,Vijayapura Water Board,43,1,69,21,1,0,2021-07-16 14:40:10.347,2021-07-16 14:40:10.347,40
730,Asirvad Micro Finance Ltd,43,1,69,24,1,0,2021-07-16 14:40:10.347,2021-07-16 14:40:10.347,40
732,MDFC Financiers Pvt Ltd,43,1,69,24,1,0,2021-07-16 14:40:10.363,2021-07-16 14:40:10.363,40
733,Pahal Financial Services Pvt Ltd,43,1,69,24,1,0,2021-07-16 14:40:10.363,2021-07-16 14:40:10.363,40
734,Adani Electricity Mumbai Limited,43,1,69,2,1,0,2021-07-27 09:22:21.557,2022-05-13 13:31:52.457,205
735,Nupay - Entellus Business Solutions Pvt Ltd,43,1,69,10,1,0,2021-07-27 09:22:21.557,2021-07-27 09:22:21.557,140
736,FITPASS,43,1,69,10,1,0,2021-07-27 09:22:21.570,2021-07-27 09:22:21.570,140
737,Shemaroo -IBADAT,43,1,69,10,1,0,2021-07-27 09:22:21.570,2021-07-27 09:22:21.570,140
738,Shemaroo Entertainment -Bhakti,43,1,69,10,1,0,2021-07-27 09:22:21.570,2021-07-27 09:22:21.570,140
739,ZEE5,70,1,69,10,1,0,2021-07-27 09:22:21.600,2022-05-06 09:48:26.853,140
740,Gujarat State Petronet Limited,43,1,69,11,1,0,2021-07-27 09:55:35.760,2021-07-27 09:55:35.760,140
741,Bhagyanagar Gas Limited,43,1,69,11,1,0,2021-07-27 09:55:35.777,2021-07-27 09:55:35.777,140
742,Municipal Corporation Chandigarh,43,1,69,21,1,0,2021-07-27 09:55:35.777,2021-07-27 09:55:35.777,140
743,Jammu Kashmir Water Billing-JKPHE Kashmir,43,1,69,21,1,0,2021-07-27 09:55:35.793,2021-07-27 09:55:35.793,140
744,Jammu Kashmir Water Billing-JKPHE Jammu,43,1,69,21,1,0,2021-07-27 09:55:35.793,2021-07-27 09:55:35.793,140
745,Shivamoga City Corporation - Water Tax,43,1,69,21,1,0,2021-07-27 09:55:35.793,2021-07-27 09:55:35.793,140
746,Aye Finance Pvt. Ltd.,43,1,69,24,1,0,2021-08-03 16:21:15.953,2021-08-03 16:21:15.953,140
747,City Municipal Council -Ilkal,43,1,69,21,1,0,2021-08-03 16:21:15.970,2021-08-03 16:21:15.970,140
748,Criss Financial Holdings Ltd,43,1,69,24,1,0,2021-08-03 16:21:15.970,2021-08-03 16:21:15.970,140
749,Equitas Small Finance Bank - Retail Loan,43,1,69,24,1,0,2021-08-03 16:21:15.983,2021-08-03 16:21:15.983,140
751,Spandana Sphoorty Financial Ltd,43,1,69,24,1,0,2021-08-03 16:21:15.983,2021-08-03 16:21:15.983,140
753,Gulbarga City Corporation,43,1,69,30,1,0,2021-08-03 16:21:16.000,2021-08-03 16:21:16.000,140
754,Go Digit Insurance,43,1,69,32,1,0,2021-08-03 16:21:16.000,2021-08-09 14:50:02.153,140
755,Indostar Capital Finance Limited - SME,43,1,69,24,1,0,2021-08-03 16:21:16.017,2021-08-03 16:21:16.017,140
756,Reliance General Insurance Company Limited (Health),43,1,69,32,1,0,2021-08-03 16:21:16.017,2021-08-09 14:50:16.157,140
757,Ficus Telecom Pvt Ltd,43,1,69,20,1,0,2021-08-09 15:45:51.107,2021-08-09 15:45:51.107,140
758,Kerala Vision Broadband Pvt Ltd,43,1,69,20,1,0,2021-08-09 15:45:51.140,2021-08-09 15:45:51.140,140
759,Shubham Housing Development Finance Company Ltd,43,1,69,24,1,0,2021-08-12 09:52:36.270,2021-08-12 09:52:36.270,140
760,DCBS Loan,43,1,69,24,1,0,2021-08-12 09:52:36.287,2021-08-12 09:52:36.287,140
761,MCGM Water Department,43,1,69,21,1,0,2021-08-12 09:52:36.300,2022-05-06 09:36:30.680,140
762,Microsacn  Infocommtech Pvt. Ltd.,43,1,69,20,1,0,2021-08-12 09:52:36.300,2021-08-12 09:52:36.300,140
763,Reliance ARC,43,1,69,24,1,0,2021-08-12 09:52:36.317,2021-08-12 09:52:36.317,140
764,Care India Finvest Limited,43,1,69,24,1,0,2021-08-27 16:01:24.057,2021-08-27 16:01:24.057,140
765,DWAN Supports Private Ltd,43,1,69,20,1,0,2021-08-27 16:01:29.433,2021-08-27 16:01:29.433,140
766,Electronica Finance Limited,43,1,69,24,1,0,2021-08-27 16:01:32.033,2021-08-27 16:01:32.033,140
767,Muthoot Homefin Limited,43,1,69,24,1,0,2021-08-27 16:01:35.260,2021-08-27 16:01:35.260,140
768,Spandana Rural And Urban Development Organisation,43,1,69,24,1,0,2021-08-27 16:01:38.613,2021-08-27 16:01:38.613,140
769,Limras Eronet,43,1,69,20,1,0,2021-08-27 16:01:40.233,2021-08-27 16:01:40.233,140
770,Linkio Fibernet,43,1,69,20,1,0,2021-08-27 16:01:43.507,2021-08-27 16:01:43.507,140
771,Suryoday Small Finance Bank,43,1,69,24,1,0,2021-08-27 16:01:45.907,2021-08-27 16:01:45.907,140
772,Kotak Mahindra Bank - Fastag Recharge via bbps,58,1,82,26,1,0,2021-09-01 11:25:59.390,2022-03-31 13:08:59.543,205
773,Tomato,65,5,67,40,1,0,2021-09-02 11:03:37.673,2021-09-02 11:08:34.967,140
774,Fastag Replace,61,5,82,9,1,0,2021-09-06 12:02:11.837,2021-09-15 11:02:03.920,140
775,PayPoint Card Inventory,41,5,67,9,1,0,2021-09-15 10:37:32.007,2021-12-09 00:15:08.897,140
776,PayPoint Card Issuance,41,5,67,9,1,0,2021-09-15 10:38:31.243,2021-12-09 00:15:47.303,140
777,Moneywise Financial Services Private Limited,43,1,69,24,1,0,2021-10-18 14:10:42.400,2021-10-18 14:10:42.400,140
778,THE CLASS OF ONE,43,1,69,29,1,0,2021-10-18 14:10:42.697,2021-10-18 14:10:42.697,140
779,APAC Financial Services Pvt Ltd,43,1,69,24,1,0,2021-10-18 14:10:42.713,2021-10-18 14:10:42.713,140
780,NABFINS,43,1,69,24,1,0,2021-10-18 14:10:42.730,2021-10-18 14:10:42.730,140
781,NSB Networks Broadband,43,1,69,20,1,0,2021-10-18 14:10:42.743,2021-10-18 14:10:42.743,140
782,TIC FIBER,43,1,69,20,1,0,2021-10-18 14:10:42.760,2021-10-18 14:10:42.760,140
783,Ekagrata Finance,43,1,69,24,1,0,2021-10-18 14:10:42.773,2021-10-18 14:10:42.773,140
784,Kings Broadband,43,1,69,20,1,0,2021-10-18 14:10:42.773,2021-10-18 14:10:42.773,140
785,Digiway Net,43,1,69,20,1,0,2021-10-18 14:10:42.790,2021-10-18 14:10:42.790,140
786,ICICI BANK - Interest Repayment Loans,43,1,69,24,1,0,2021-10-18 14:10:42.807,2021-10-18 14:10:42.807,140
787,Bussan Auto Finance India Pvt Ltd,43,1,69,24,1,0,2021-10-18 14:10:42.820,2021-10-18 14:10:42.820,140
788,MCGM Property Tax,43,1,69,30,1,0,2021-10-18 14:10:42.837,2022-05-10 12:18:44.687,205
789,Transcorp International Limited,43,1,69,26,0,0,2021-10-18 14:10:42.853,2022-05-20 18:10:12.690,205
790,Fortune Credit Capital Limited,70,1,69,24,1,0,2021-10-18 14:10:42.853,2021-10-18 14:10:42.853,140
791,CNH Industrial Capital Pvt. Ltd.,70,1,69,24,1,0,2021-10-18 14:10:42.870,2021-10-18 14:10:42.870,140
792,Hindustan Times media ltd,70,1,69,10,1,0,2021-10-18 14:10:42.883,2021-10-18 14:10:42.883,140
793,TP Renewables Microgrid Ltd.,70,1,69,2,1,0,2021-10-18 14:10:42.900,2021-10-18 14:10:42.900,140
794,Top-Up PaypointZ Wallet Online,41,5,67,9,1,0,2021-12-08 01:36:14.313,2021-12-08 01:36:14.313,140
795,CMS,68,5,3,9,1,0,2021-12-10 16:37:01.017,2022-04-27 11:11:27.107,140
796,Indian Oil Corporation Ltd-Piped Gas,70,1,69,11,1,0,2021-12-14 13:12:49.483,2021-12-14 13:12:49.483,140
797,Bhatter College Dantan,70,1,69,29,1,0,2021-12-14 13:12:49.547,2021-12-14 13:12:49.547,140
798,BSES Rajdhani Prepaid Meter Recharge,70,1,69,2,0,0,2021-12-14 13:12:49.580,2022-04-07 12:23:42.157,205
799,BSES Yamuna Prepaid Meter Recharge,70,1,69,2,0,0,2021-12-14 13:12:49.610,2022-04-07 12:23:51.770,205
800,KREDITBEE,70,1,69,24,1,0,2021-12-14 13:12:49.657,2022-04-23 16:20:25.167,140
801,STREE NIDHI - TELANGANA,70,1,69,24,1,0,2021-12-14 13:12:49.690,2021-12-14 13:12:49.690,140
802,Apple Fibernet,70,1,69,20,1,0,2021-12-14 15:09:00.027,2021-12-14 15:09:00.027,140
803,Dev Finance,70,1,69,24,1,0,2021-12-14 15:09:00.060,2021-12-14 15:09:00.060,140
804,GTPL Hathway Limited,70,1,69,27,1,0,2021-12-14 15:09:00.073,2021-12-14 15:09:00.073,140
805,Mayfield Gardens RWA C Block,70,1,69,31,1,0,2021-12-14 15:09:00.090,2021-12-14 15:09:00.090,140
806,Manipal Cigna Health Insurance,70,1,69,28,1,0,2021-12-14 15:09:00.120,2022-03-05 22:33:06.657,140
807,Muthoot Finance-Personal Loan,70,1,69,24,1,0,2021-12-14 15:09:00.140,2021-12-14 15:09:00.140,140
808,Pink Broadband,70,1,69,20,1,0,2021-12-14 15:09:00.153,2021-12-14 15:09:00.153,140
809,Shine Blue Hire Purchase Ltd.,70,1,69,24,1,0,2021-12-14 15:09:00.187,2021-12-14 15:09:00.187,140
810,Nagar Palika Palia Kalan,70,1,69,30,1,0,2021-12-14 15:09:00.200,2021-12-14 15:09:00.200,140
811,Kings College India,70,1,69,29,1,0,2021-12-14 15:09:00.217,2021-12-14 15:09:00.217,140
812,Orane International Gurugram,70,1,69,29,1,0,2021-12-14 15:09:00.233,2021-12-14 15:09:00.233,140
813,The Adhyyan School,70,1,69,29,1,0,2021-12-14 15:09:00.250,2021-12-14 15:09:00.250,140
814,The Oriental Insurance Company Limited,70,1,69,32,1,0,2021-12-14 15:09:00.263,2022-03-05 22:34:32.137,140
815,Airtel Payments Bank NETC FASTag,70,1,69,26,0,0,2022-01-29 15:13:37.730,2022-03-11 12:53:45.720,205
816,Bhaikaka University,70,1,69,29,1,0,2022-01-29 15:13:37.763,2022-01-29 15:13:37.763,140
818,Directorate of Municipal Administration Karnataka,70,1,69,33,1,0,2022-01-29 15:13:37.793,2022-01-29 15:13:37.793,140
819,Mira Bhayander Municipal Corporation,70,1,69,30,1,0,2022-01-29 15:13:37.793,2022-01-29 15:13:37.793,140
820,One Broadband,70,1,69,20,1,0,2022-01-29 15:13:37.810,2022-01-29 15:13:37.810,140
821,R.Sen and Company Investment and Finance Pvt. Ltd.,70,1,69,24,1,0,2022-01-29 15:13:37.823,2022-01-29 15:13:37.823,140
822,State Bank of India - NETC FASTag,70,1,69,26,1,0,2022-01-29 15:13:37.840,2022-01-29 15:13:37.840,140
823,UGRO Capital Limited,70,1,69,24,1,0,2022-01-29 15:13:37.857,2022-01-29 15:13:37.857,140
824,Uttarakhand Ayurved University,70,1,69,29,1,0,2022-01-29 15:13:37.870,2022-01-29 15:13:37.870,140
825,Cue Learn Private Limited,70,1,69,29,1,0,2022-01-29 15:13:37.887,2022-01-29 15:13:37.887,140
826,Sacred Heart Convent High School,70,1,69,29,1,0,2022-01-29 15:13:37.903,2022-01-29 15:13:37.903,140
827,We Pay Finance Pvt Ltd,70,1,69,24,1,0,2022-01-29 15:13:37.903,2022-01-29 15:13:37.903,140
828,Punjab National Bank,70,1,69,24,1,0,2022-03-15 18:49:02.400,2022-03-15 18:49:02.400,140
829,Raipur Municipal Corporation,70,1,69,30,1,0,2022-03-15 18:49:02.513,2022-03-15 18:49:02.513,140
830,Udupi Fastnet Pvt Ltd,70,1,69,20,1,0,2022-03-15 18:49:02.530,2022-03-15 18:49:02.530,140
831,ICICI Lombard General Insurance Company Ltd.,70,1,69,13,1,0,2022-03-15 18:49:02.547,2022-03-15 18:49:02.547,140
832,Nagar Palika Parishad - Sitapur,70,1,69,30,1,0,2022-03-15 18:49:02.577,2022-03-15 18:49:02.577,140
834,Poonawalla Fincorp Ltd,43,1,69,24,0,0,2022-03-15 18:49:02.633,2022-05-20 18:12:22.467,205
835,Sri Vijayalaksmhi Digital Vision,70,1,69,20,1,0,2022-03-15 18:49:02.653,2022-03-15 18:49:02.653,140
838,GBPS Networks Pvt Ltd,70,1,69,20,1,0,2022-03-15 18:49:02.600,2022-03-15 18:49:02.600,140
839,Star Health And Allied Insurance Company,70,1,69,13,1,0,2022-03-16 12:44:14.477,2022-03-16 12:44:14.477,140
840,Bajaj Finserv Health Limited,70,1,69,10,1,0,2022-03-16 12:44:14.493,2022-03-16 12:44:14.493,140
841,Cholamandalam Investment and Finance Company Limited,70,1,69,24,1,0,2022-03-16 12:44:14.523,2022-03-16 12:44:14.523,140
842,Protium,70,1,69,24,1,0,2022-03-16 12:44:14.540,2022-03-16 12:44:14.540,140
843,Trinity Towers Condominium Association,70,1,69,31,1,0,2022-03-16 12:44:14.587,2022-03-16 12:44:14.587,140
844,Hungama Play,70,1,69,10,1,0,2022-03-16 12:44:14.600,2022-03-16 12:44:14.600,140
845,Hungama Music,70,1,69,10,1,0,2022-03-16 12:44:14.633,2022-03-16 12:44:14.633,140
846,Jejuri Nagarparishad,70,1,69,30,1,0,2022-03-16 12:44:14.650,2022-03-16 12:44:14.650,140
848,Manappuram Finance Limited,70,1,69,24,1,0,2022-03-16 12:44:14.663,2022-04-23 17:22:14.370,140
849,"Public Works Department (PWD),Goa",70,1,69,21,1,0,2022-03-16 12:44:14.680,2022-05-04 11:34:35.057,140
850,Airnet Networks,70,1,69,20,1,0,2022-03-16 12:44:14.697,2022-03-16 12:44:14.697,140
852,Deccan Finance Limited,70,1,69,24,1,0,2022-03-16 12:44:14.713,2022-03-16 12:44:14.713,140
853,Hi Reach Broadband,70,1,69,20,1,0,2022-03-16 12:44:14.727,2022-03-16 12:44:14.727,140
854,Deenet Services Private Limited,70,1,69,20,1,0,2022-03-16 12:44:14.743,2022-03-16 12:44:14.743,140
855,DVR Broadband Services,70,1,69,20,1,0,2022-03-16 12:44:14.760,2022-03-16 12:44:14.760,140
856,Exotica Condominium Owners Association,70,1,69,31,1,0,2022-03-16 12:44:14.773,2022-03-16 12:44:14.773,140
857,Kolhapur Municipal corporation- Property tax,70,1,69,30,1,0,2022-03-16 12:44:14.813,2022-03-16 12:44:14.813,140
858,Ezfinanz,70,1,69,24,1,0,2022-03-16 12:44:14.813,2022-03-16 12:44:14.813,140
859,Spiderlink Networks Pvt Ltd,70,1,69,20,1,0,2022-03-16 12:44:14.847,2022-03-16 12:44:14.847,140
860,PayPoint Gift Card Issuance,41,5,67,22,1,0,2022-04-06 10:04:22.573,2022-04-06 10:04:22.573,140
901,Fincare Gold Loan,41,7,78,35,0,0,2020-10-01 11:47:44.880,2020-10-01 11:47:44.880,282
902,Chigurupati Sri Krishnaveni Talent School Poranki,70,1,69,29,1,0,2022-04-05 23:06:53.717,2022-04-05 23:06:53.717,140
903,City Modern Public School Sadatpur Extension,70,1,69,29,1,0,2022-04-05 23:06:53.783,2022-04-05 23:06:53.783,140
904,Jyoshith Jewellers,70,1,69,10,1,0,2022-04-05 23:06:53.803,2022-04-05 23:06:53.803,140
905,Nanki Public School Sangam Vihar,70,1,69,29,1,0,2022-04-05 23:06:53.823,2022-04-05 23:06:53.823,140
906,Naval Officers Institute,70,1,69,37,1,0,2022-04-05 23:06:53.830,2022-04-05 23:06:53.830,140
907,Pioneer Elabs Limited,70,1,69,20,1,0,2022-04-05 23:06:53.847,2022-04-05 23:06:53.847,140
908,Reisnet Broadband Pvt ltd,70,1,69,20,1,0,2022-04-05 23:06:53.863,2022-04-05 23:06:53.863,140
909,Sree Bharat Labs,70,1,69,10,1,0,2022-04-05 23:06:53.880,2022-04-05 23:06:53.880,140
910,Sri Sai Krishna Educational Society Kalyandurg,70,1,69,29,1,0,2022-04-05 23:06:53.887,2022-04-05 23:06:53.887,140
911,Weebo Networks Pvt Ltd,70,1,69,20,1,0,2022-04-05 23:06:53.903,2022-04-05 23:06:53.903,140
912,Ashok Book Centre,70,1,69,10,1,0,2022-04-05 23:06:53.920,2022-04-05 23:06:53.920,140
913,Ashv Finance,70,1,69,24,1,0,2022-04-05 23:06:53.937,2022-04-05 23:06:53.937,140
914,LoanBaba,70,1,69,24,1,0,2022-04-05 23:06:53.950,2022-04-05 23:06:53.950,140
915,Load Krishna Financial Services Limited,70,1,69,24,1,0,2022-04-05 23:06:53.967,2022-04-05 23:06:53.967,140
916,Lotus Broadband,70,1,69,20,1,0,2022-04-05 23:06:53.983,2022-04-05 23:06:53.983,140
917,MediBuddy,70,1,69,10,1,0,2022-04-05 23:06:53.997,2022-04-05 23:06:53.997,140
918,Quest Consultancy Pvt Ltd,70,1,69,20,1,0,2022-04-05 23:06:54.013,2022-04-05 23:06:54.013,140
919,Shimla Jal Prabandhan,70,1,69,21,1,0,2022-04-05 23:06:54.030,2022-04-05 23:06:54.030,140
920,TSK Giga Fibber,70,1,69,20,1,0,2022-04-05 23:06:54.043,2022-04-05 23:06:54.043,140
921,Unity Small Finance Bank Limited,70,1,69,24,1,0,2022-04-05 23:06:54.060,2022-04-05 23:06:54.060,140
922,Vastu Finserve India Private Limited,70,1,69,24,1,0,2022-04-05 23:06:54.077,2022-04-05 23:06:54.077,140
923,Cloudsky Superfast Broadband & Services Pvt Ltd,70,1,69,20,1,0,2022-04-16 18:31:01.197,2022-04-16 18:31:01.197,140
924,Spidernet Broadband,70,1,69,20,1,0,2022-04-16 18:31:01.210,2022-04-16 18:31:01.210,140
925,Cherrinet,70,1,69,20,1,0,2022-04-30 17:04:12.230,2022-04-30 17:04:12.230,140
926,Deshkal Network Pvt ltd,70,1,69,20,1,0,2022-04-30 17:04:12.260,2022-04-30 17:04:12.260,140
927,Ethernet Xpress,70,1,69,20,1,0,2022-04-30 17:04:12.277,2022-04-30 17:04:12.277,140
928,Jiffy Cable And Datacom Private Limited,70,1,69,20,1,0,2022-04-30 17:04:12.290,2022-04-30 17:04:12.290,140
929,Skyway Telecom Services Pvt ltd,70,1,69,20,1,0,2022-04-30 17:04:12.307,2022-04-30 17:04:12.307,140
930,Credit One Payments Solutions Pvt Ltd,70,1,69,24,1,0,2022-04-30 17:04:12.307,2022-04-30 17:04:12.307,140
931,Footwear Design and Development Institute,70,1,69,29,1,0,2022-04-30 17:04:12.323,2022-04-30 17:04:12.323,140
932,Kusalava Finance Limited,70,1,69,24,1,0,2022-04-30 17:04:12.340,2022-04-30 17:04:12.340,140
934,Purba Bharati Gas Pvt Ltd,70,1,69,11,1,0,2022-04-30 17:04:12.353,2022-04-30 17:04:12.353,140
935,Aparna Public School,70,1,69,29,1,0,2022-05-04 15:10:44.850,2022-05-04 15:10:44.850,140
936,Association of National Exchanges Members of India,70,1,69,37,1,0,2022-05-04 15:10:44.887,2022-05-04 15:10:44.887,140
937,Scud Communications Pvt Ltd,70,1,69,20,1,0,2022-05-04 15:10:44.903,2022-05-04 15:10:44.903,140
938,Shanti Niketan Educational Society,70,1,69,29,1,0,2022-05-04 15:10:44.920,2022-05-04 15:10:44.920,140
939,Way2Net IT Services Pvt Ltd,70,1,69,20,1,0,2022-05-04 15:10:44.950,2022-05-04 15:10:44.950,140
940,PayPointZ Wallet e-KYC,41,5,67,9,1,0,2022-05-18 10:27:34.267,2022-05-18 10:27:34.267,140
3029,BOB Kiosk Banking,41,5,67,9,1,0,2021-08-09 15:33:17.463,2021-08-09 15:33:17.463,140
3030,Yes Bank Money Transfer,37,5,52,7,0,1,2012-09-26 13:21:07.180,2020-05-18 00:03:15.723,140
3031,SBI Money Transfer,NULL,5,NULL,7,1,0,2013-12-23 12:36:33.853,2020-05-18 00:03:15.723,140
3032,ICICI Money Transfer,10,5,46,7,0,1,2013-12-23 12:35:26.250,2020-05-18 00:03:15.723,140
3033,Wallet Money Transfer,32,5,25,9,0,0,2013-11-02 13:34:55.010,2021-10-27 18:41:48.273,140
3034,PayPoint Cash Gateway,27,5,NULL,NULL,1,0,2014-07-04 13:14:32.013,2020-05-18 00:03:15.723,140
3035,PayPoint Cheque Gateway,28,5,NULL,NULL,1,0,2014-07-04 13:14:55.543,2020-05-18 00:03:15.723,140
3036,Wallet Money Transfer With TopUp,32,5,25,9,1,0,2013-11-02 13:34:55.010,2020-07-08 17:09:33.397,140
3037,BC Money Transfer,7,5,67,7,1,0,2016-04-03 11:26:57.470,2020-05-18 00:03:15.723,140
3038,Top-Up PaypointZ Wallet,32,5,25,9,1,0,2016-11-29 10:50:36.410,2022-02-11 09:52:09.423,140
3039,AEPS Balance Services,42,5,68,7,1,0,2017-05-02 18:11:57.090,2020-07-07 21:16:27.810,140
3040,AEPS Deposit Services,42,5,68,7,1,0,2017-05-02 18:12:51.597,2020-10-16 16:15:11.123,140
3041,AEPS Withdrawal Services,42,5,68,7,1,0,2017-05-02 18:13:29.893,2022-03-23 11:58:38.190,140
3042,Cash Deposit,41,5,67,9,1,0,2017-04-24 11:03:50.867,2020-05-18 00:03:15.723,140
3043,Non Cash,41,5,67,9,1,0,2017-04-24 11:02:56.670,2020-05-18 00:03:15.723,140
3044,Bank AC Validation,7,5,67,7,1,0,2019-08-14 12:38:25.917,2020-05-18 00:03:15.723,140
3045,MATM Balance Inquiry,53,5,67,9,1,0,2019-09-27 16:24:19.857,2020-11-18 13:56:30.340,140
3046,MATM Cash Withdraw,53,5,67,9,1,0,2019-09-27 16:24:49.857,2020-11-18 13:56:54.307,140
3047,AEPS Mini Statement,10,5,68,7,1,0,2020-06-01 16:45:56.703,2020-06-01 16:45:56.703,140
3048,Top-Up PayTm Wallet,51,5,76,9,1,0,2020-08-03 14:33:02.827,2021-11-17 16:20:34.510,140
3049,Aadhaar Pay,10,5,46,7,1,0,2017-05-02 18:12:51.597,2021-04-08 17:28:50.020,140
3050,OSSFlightSafar,NULL,NULL,NULL,NULL,0,0,2012-09-12 15:44:55.597,2020-05-18 00:03:15.723,140
3051,OSSBusSafar,NULL,NULL,NULL,NULL,0,0,2013-05-30 11:06:35.430,2020-05-18 00:03:15.723,140
3052,PayPoint Collect,41,5,67,9,1,0,2019-10-22 12:00:52.460,2020-05-18 00:03:15.723,140
3053,Nepal Money Transfer,7,5,67,7,1,0,2021-06-02 10:47:22.427,2021-08-31 19:22:08.197,140
3054,Bank AC Validation Free,53,5,77,9,1,0,2021-12-28 15:48:09.277,2022-04-01 05:39:08.030,140
4001,Buy Etf Gold,57,5,79,36,1,0,2020-10-20 00:30:03.380,2020-12-10 09:41:01.903,140
4002,Sell Etf Gold,57,5,79,36,1,0,2020-10-21 11:28:34.303,2020-12-10 09:41:22.580,140
4003,Gold SIP,57,5,79,36,1,0,2020-12-16 11:50:39.557,2020-12-16 11:50:39.557,140
4004,Personal Loan,69,5,90,9,1,0,2022-01-27 16:41:49.277,2022-01-27 16:41:49.277,140
4005,Dmate Account Opening,66,5,67,9,1,0,2022-02-03 14:10:14.483,2022-02-03 14:10:14.483,140
